[2025-09-25 17:58:41] local.ERROR: include(C:\Users\Usuario\Downloads\SGN_Monalezza-main\SGN_Monalezza-main\vendor\composer/../barryvdh/laravel-dompdf/src/ServiceProvider.php): Failed to open stream: No such file or directory {"exception":"[object] (ErrorException(code: 0): include(C:\\Users\\Usuario\\Downloads\\SGN_Monalezza-main\\SGN_Monalezza-main\\vendor\\composer/../barryvdh/laravel-dompdf/src/ServiceProvider.php): Failed to open stream: No such file or directory at C:\\Users\\Usuario\\Downloads\\SGN_Monalezza-main\\SGN_Monalezza-main\\vendor\\composer\\ClassLoader.php:582)
[stacktrace]
#0 C:\\Users\\Usuario\\Downloads\\SGN_Monalezza-main\\SGN_Monalezza-main\\vendor\\laravel\\framework\\src\\Illuminate\\Foundation\\Bootstrap\\HandleExceptions.php(256): Illuminate\\Foundation\\Bootstrap\\HandleExceptions->handleError(2, 'include(C:\\\\User...', 'C:\\\\Users\\\\Usuari...', 582)
#1 C:\\Users\\Usuario\\Downloads\\SGN_Monalezza-main\\SGN_Monalezza-main\\vendor\\composer\\ClassLoader.php(582): Illuminate\\Foundation\\Bootstrap\\HandleExceptions->Illuminate\\Foundation\\Bootstrap\\{closure}(2, 'include(C:\\\\User...', 'C:\\\\Users\\\\Usuari...', 582)
#2 C:\\Users\\Usuario\\Downloads\\SGN_Monalezza-main\\SGN_Monalezza-main\\vendor\\composer\\ClassLoader.php(582): include('C:\\\\Users\\\\Usuari...')
#3 C:\\Users\\Usuario\\Downloads\\SGN_Monalezza-main\\SGN_Monalezza-main\\vendor\\composer\\ClassLoader.php(433): Composer\\Autoload\\{closure}('C:\\\\Users\\\\Usuari...')
#4 C:\\Users\\Usuario\\Downloads\\SGN_Monalezza-main\\SGN_Monalezza-main\\vendor\\laravel\\framework\\src\\Illuminate\\Foundation\\ProviderRepository.php(206): Composer\\Autoload\\ClassLoader->loadClass('Barryvdh\\\\DomPDF...')
#5 C:\\Users\\Usuario\\Downloads\\SGN_Monalezza-main\\SGN_Monalezza-main\\vendor\\laravel\\framework\\src\\Illuminate\\Foundation\\ProviderRepository.php(142): Illuminate\\Foundation\\ProviderRepository->createProvider('Barryvdh\\\\DomPDF...')
#6 C:\\Users\\Usuario\\Downloads\\SGN_Monalezza-main\\SGN_Monalezza-main\\vendor\\laravel\\framework\\src\\Illuminate\\Foundation\\ProviderRepository.php(61): Illuminate\\Foundation\\ProviderRepository->compileManifest(Array)
#7 C:\\Users\\Usuario\\Downloads\\SGN_Monalezza-main\\SGN_Monalezza-main\\vendor\\laravel\\framework\\src\\Illuminate\\Foundation\\Application.php(843): Illuminate\\Foundation\\ProviderRepository->load(Array)
#8 C:\\Users\\Usuario\\Downloads\\SGN_Monalezza-main\\SGN_Monalezza-main\\vendor\\laravel\\framework\\src\\Illuminate\\Foundation\\Bootstrap\\RegisterProviders.php(37): Illuminate\\Foundation\\Application->registerConfiguredProviders()
#9 C:\\Users\\Usuario\\Downloads\\SGN_Monalezza-main\\SGN_Monalezza-main\\vendor\\laravel\\framework\\src\\Illuminate\\Foundation\\Application.php(316): Illuminate\\Foundation\\Bootstrap\\RegisterProviders->bootstrap(Object(Illuminate\\Foundation\\Application))
#10 C:\\Users\\Usuario\\Downloads\\SGN_Monalezza-main\\SGN_Monalezza-main\\vendor\\laravel\\framework\\src\\Illuminate\\Foundation\\Console\\Kernel.php(473): Illuminate\\Foundation\\Application->bootstrapWith(Array)
#11 C:\\Users\\Usuario\\Downloads\\SGN_Monalezza-main\\SGN_Monalezza-main\\vendor\\laravel\\framework\\src\\Illuminate\\Foundation\\Console\\Kernel.php(195): Illuminate\\Foundation\\Console\\Kernel->bootstrap()
#12 C:\\Users\\Usuario\\Downloads\\SGN_Monalezza-main\\SGN_Monalezza-main\\vendor\\laravel\\framework\\src\\Illuminate\\Foundation\\Application.php(1203): Illuminate\\Foundation\\Console\\Kernel->handle(Object(Symfony\\Component\\Console\\Input\\ArgvInput), Object(Symfony\\Component\\Console\\Output\\ConsoleOutput))
#13 C:\\Users\\Usuario\\Downloads\\SGN_Monalezza-main\\SGN_Monalezza-main\\artisan(13): Illuminate\\Foundation\\Application->handleCommand(Object(Symfony\\Component\\Console\\Input\\ArgvInput))
#14 {main}
"} 
[2025-09-25 18:00:28] local.ERROR: SQLSTATE[HY000]: General error: 1005 Can't create table `sgn_monalezza`.`ingrediente` (errno: 150 "Foreign key constraint is incorrectly formed") (Connection: mysql, SQL: alter table `ingrediente` add constraint `ingrediente_tipo_ingrediente_fk_foreign` foreign key (`tipo_ingrediente_fk`) references `tipo_ingrediente` (`tipo_ingrediente_pk`)) {"exception":"[object] (Illuminate\\Database\\QueryException(code: HY000): SQLSTATE[HY000]: General error: 1005 Can't create table `sgn_monalezza`.`ingrediente` (errno: 150 \"Foreign key constraint is incorrectly formed\") (Connection: mysql, SQL: alter table `ingrediente` add constraint `ingrediente_tipo_ingrediente_fk_foreign` foreign key (`tipo_ingrediente_fk`) references `tipo_ingrediente` (`tipo_ingrediente_pk`)) at C:\\Users\\Usuario\\Downloads\\SGN_Monalezza-main\\SGN_Monalezza-main\\vendor\\laravel\\framework\\src\\Illuminate\\Database\\Connection.php:825)
[stacktrace]
#0 C:\\Users\\Usuario\\Downloads\\SGN_Monalezza-main\\SGN_Monalezza-main\\vendor\\laravel\\framework\\src\\Illuminate\\Database\\Connection.php(779): Illuminate\\Database\\Connection->runQueryCallback('alter table `in...', Array, Object(Closure))
#1 C:\\Users\\Usuario\\Downloads\\SGN_Monalezza-main\\SGN_Monalezza-main\\vendor\\laravel\\framework\\src\\Illuminate\\Database\\Connection.php(560): Illuminate\\Database\\Connection->run('alter table `in...', Array, Object(Closure))
#2 C:\\Users\\Usuario\\Downloads\\SGN_Monalezza-main\\SGN_Monalezza-main\\vendor\\laravel\\framework\\src\\Illuminate\\Database\\Schema\\Blueprint.php(117): Illuminate\\Database\\Connection->statement('alter table `in...')
#3 C:\\Users\\Usuario\\Downloads\\SGN_Monalezza-main\\SGN_Monalezza-main\\vendor\\laravel\\framework\\src\\Illuminate\\Database\\Schema\\Builder.php(565): Illuminate\\Database\\Schema\\Blueprint->build(Object(Illuminate\\Database\\MySqlConnection), Object(Illuminate\\Database\\Schema\\Grammars\\MySqlGrammar))
#4 C:\\Users\\Usuario\\Downloads\\SGN_Monalezza-main\\SGN_Monalezza-main\\vendor\\laravel\\framework\\src\\Illuminate\\Database\\Schema\\Builder.php(419): Illuminate\\Database\\Schema\\Builder->build(Object(Illuminate\\Database\\Schema\\Blueprint))
#5 C:\\Users\\Usuario\\Downloads\\SGN_Monalezza-main\\SGN_Monalezza-main\\vendor\\laravel\\framework\\src\\Illuminate\\Support\\Facades\\Facade.php(358): Illuminate\\Database\\Schema\\Builder->create('ingrediente', Object(Closure))
#6 C:\\Users\\Usuario\\Downloads\\SGN_Monalezza-main\\SGN_Monalezza-main\\database\\migrations\\2024_09_15_171326_create_ingrediente_table.php(14): Illuminate\\Support\\Facades\\Facade::__callStatic('create', Array)
#7 C:\\Users\\Usuario\\Downloads\\SGN_Monalezza-main\\SGN_Monalezza-main\\vendor\\laravel\\framework\\src\\Illuminate\\Database\\Migrations\\Migrator.php(475): Illuminate\\Database\\Migrations\\Migration@anonymous->up()
#8 C:\\Users\\Usuario\\Downloads\\SGN_Monalezza-main\\SGN_Monalezza-main\\vendor\\laravel\\framework\\src\\Illuminate\\Database\\Migrations\\Migrator.php(400): Illuminate\\Database\\Migrations\\Migrator->runMethod(Object(Illuminate\\Database\\MySqlConnection), Object(Illuminate\\Database\\Migrations\\Migration@anonymous), 'up')
#9 C:\\Users\\Usuario\\Downloads\\SGN_Monalezza-main\\SGN_Monalezza-main\\vendor\\laravel\\framework\\src\\Illuminate\\Database\\Migrations\\Migrator.php(409): Illuminate\\Database\\Migrations\\Migrator->Illuminate\\Database\\Migrations\\{closure}()
#10 C:\\Users\\Usuario\\Downloads\\SGN_Monalezza-main\\SGN_Monalezza-main\\vendor\\laravel\\framework\\src\\Illuminate\\Database\\Migrations\\Migrator.php(212): Illuminate\\Database\\Migrations\\Migrator->runMigration(Object(Illuminate\\Database\\Migrations\\Migration@anonymous), 'up')
#11 C:\\Users\\Usuario\\Downloads\\SGN_Monalezza-main\\SGN_Monalezza-main\\vendor\\laravel\\framework\\src\\Illuminate\\Console\\View\\Components\\Task.php(40): Illuminate\\Database\\Migrations\\Migrator->Illuminate\\Database\\Migrations\\{closure}()
#12 C:\\Users\\Usuario\\Downloads\\SGN_Monalezza-main\\SGN_Monalezza-main\\vendor\\laravel\\framework\\src\\Illuminate\\Database\\Migrations\\Migrator.php(736): Illuminate\\Console\\View\\Components\\Task->render('2024_09_15_1713...', Object(Closure))
#13 C:\\Users\\Usuario\\Downloads\\SGN_Monalezza-main\\SGN_Monalezza-main\\vendor\\laravel\\framework\\src\\Illuminate\\Database\\Migrations\\Migrator.php(212): Illuminate\\Database\\Migrations\\Migrator->write('Illuminate\\\\Cons...', '2024_09_15_1713...', Object(Closure))
#14 C:\\Users\\Usuario\\Downloads\\SGN_Monalezza-main\\SGN_Monalezza-main\\vendor\\laravel\\framework\\src\\Illuminate\\Database\\Migrations\\Migrator.php(179): Illuminate\\Database\\Migrations\\Migrator->runUp('C:\\\\Users\\\\Usuari...', 1, false)
#15 C:\\Users\\Usuario\\Downloads\\SGN_Monalezza-main\\SGN_Monalezza-main\\vendor\\laravel\\framework\\src\\Illuminate\\Database\\Migrations\\Migrator.php(122): Illuminate\\Database\\Migrations\\Migrator->runPending(Array, Array)
#16 C:\\Users\\Usuario\\Downloads\\SGN_Monalezza-main\\SGN_Monalezza-main\\vendor\\laravel\\framework\\src\\Illuminate\\Database\\Console\\Migrations\\MigrateCommand.php(116): Illuminate\\Database\\Migrations\\Migrator->run(Array, Array)
#17 C:\\Users\\Usuario\\Downloads\\SGN_Monalezza-main\\SGN_Monalezza-main\\vendor\\laravel\\framework\\src\\Illuminate\\Database\\Migrations\\Migrator.php(615): Illuminate\\Database\\Console\\Migrations\\MigrateCommand->Illuminate\\Database\\Console\\Migrations\\{closure}()
#18 C:\\Users\\Usuario\\Downloads\\SGN_Monalezza-main\\SGN_Monalezza-main\\vendor\\laravel\\framework\\src\\Illuminate\\Database\\Console\\Migrations\\MigrateCommand.php(109): Illuminate\\Database\\Migrations\\Migrator->usingConnection(NULL, Object(Closure))
#19 C:\\Users\\Usuario\\Downloads\\SGN_Monalezza-main\\SGN_Monalezza-main\\vendor\\laravel\\framework\\src\\Illuminate\\Database\\Console\\Migrations\\MigrateCommand.php(88): Illuminate\\Database\\Console\\Migrations\\MigrateCommand->runMigrations()
#20 C:\\Users\\Usuario\\Downloads\\SGN_Monalezza-main\\SGN_Monalezza-main\\vendor\\laravel\\framework\\src\\Illuminate\\Container\\BoundMethod.php(36): Illuminate\\Database\\Console\\Migrations\\MigrateCommand->handle()
#21 C:\\Users\\Usuario\\Downloads\\SGN_Monalezza-main\\SGN_Monalezza-main\\vendor\\laravel\\framework\\src\\Illuminate\\Container\\Util.php(43): Illuminate\\Container\\BoundMethod::Illuminate\\Container\\{closure}()
#22 C:\\Users\\Usuario\\Downloads\\SGN_Monalezza-main\\SGN_Monalezza-main\\vendor\\laravel\\framework\\src\\Illuminate\\Container\\BoundMethod.php(95): Illuminate\\Container\\Util::unwrapIfClosure(Object(Closure))
#23 C:\\Users\\Usuario\\Downloads\\SGN_Monalezza-main\\SGN_Monalezza-main\\vendor\\laravel\\framework\\src\\Illuminate\\Container\\BoundMethod.php(35): Illuminate\\Container\\BoundMethod::callBoundMethod(Object(Illuminate\\Foundation\\Application), Array, Object(Closure))
#24 C:\\Users\\Usuario\\Downloads\\SGN_Monalezza-main\\SGN_Monalezza-main\\vendor\\laravel\\framework\\src\\Illuminate\\Container\\Container.php(690): Illuminate\\Container\\BoundMethod::call(Object(Illuminate\\Foundation\\Application), Array, Array, NULL)
#25 C:\\Users\\Usuario\\Downloads\\SGN_Monalezza-main\\SGN_Monalezza-main\\vendor\\laravel\\framework\\src\\Illuminate\\Console\\Command.php(213): Illuminate\\Container\\Container->call(Array)
#26 C:\\Users\\Usuario\\Downloads\\SGN_Monalezza-main\\SGN_Monalezza-main\\vendor\\symfony\\console\\Command\\Command.php(279): Illuminate\\Console\\Command->execute(Object(Symfony\\Component\\Console\\Input\\ArgvInput), Object(Illuminate\\Console\\OutputStyle))
#27 C:\\Users\\Usuario\\Downloads\\SGN_Monalezza-main\\SGN_Monalezza-main\\vendor\\laravel\\framework\\src\\Illuminate\\Console\\Command.php(182): Symfony\\Component\\Console\\Command\\Command->run(Object(Symfony\\Component\\Console\\Input\\ArgvInput), Object(Illuminate\\Console\\OutputStyle))
#28 C:\\Users\\Usuario\\Downloads\\SGN_Monalezza-main\\SGN_Monalezza-main\\vendor\\symfony\\console\\Application.php(1047): Illuminate\\Console\\Command->run(Object(Symfony\\Component\\Console\\Input\\ArgvInput), Object(Symfony\\Component\\Console\\Output\\ConsoleOutput))
#29 C:\\Users\\Usuario\\Downloads\\SGN_Monalezza-main\\SGN_Monalezza-main\\vendor\\symfony\\console\\Application.php(316): Symfony\\Component\\Console\\Application->doRunCommand(Object(Illuminate\\Database\\Console\\Migrations\\MigrateCommand), Object(Symfony\\Component\\Console\\Input\\ArgvInput), Object(Symfony\\Component\\Console\\Output\\ConsoleOutput))
#30 C:\\Users\\Usuario\\Downloads\\SGN_Monalezza-main\\SGN_Monalezza-main\\vendor\\symfony\\console\\Application.php(167): Symfony\\Component\\Console\\Application->doRun(Object(Symfony\\Component\\Console\\Input\\ArgvInput), Object(Symfony\\Component\\Console\\Output\\ConsoleOutput))
#31 C:\\Users\\Usuario\\Downloads\\SGN_Monalezza-main\\SGN_Monalezza-main\\vendor\\laravel\\framework\\src\\Illuminate\\Foundation\\Console\\Kernel.php(197): Symfony\\Component\\Console\\Application->run(Object(Symfony\\Component\\Console\\Input\\ArgvInput), Object(Symfony\\Component\\Console\\Output\\ConsoleOutput))
#32 C:\\Users\\Usuario\\Downloads\\SGN_Monalezza-main\\SGN_Monalezza-main\\vendor\\laravel\\framework\\src\\Illuminate\\Foundation\\Application.php(1203): Illuminate\\Foundation\\Console\\Kernel->handle(Object(Symfony\\Component\\Console\\Input\\ArgvInput), Object(Symfony\\Component\\Console\\Output\\ConsoleOutput))
#33 C:\\Users\\Usuario\\Downloads\\SGN_Monalezza-main\\SGN_Monalezza-main\\artisan(13): Illuminate\\Foundation\\Application->handleCommand(Object(Symfony\\Component\\Console\\Input\\ArgvInput))
#34 {main}

[previous exception] [object] (PDOException(code: HY000): SQLSTATE[HY000]: General error: 1005 Can't create table `sgn_monalezza`.`ingrediente` (errno: 150 \"Foreign key constraint is incorrectly formed\") at C:\\Users\\Usuario\\Downloads\\SGN_Monalezza-main\\SGN_Monalezza-main\\vendor\\laravel\\framework\\src\\Illuminate\\Database\\Connection.php:571)
[stacktrace]
#0 C:\\Users\\Usuario\\Downloads\\SGN_Monalezza-main\\SGN_Monalezza-main\\vendor\\laravel\\framework\\src\\Illuminate\\Database\\Connection.php(571): PDOStatement->execute()
#1 C:\\Users\\Usuario\\Downloads\\SGN_Monalezza-main\\SGN_Monalezza-main\\vendor\\laravel\\framework\\src\\Illuminate\\Database\\Connection.php(812): Illuminate\\Database\\Connection->Illuminate\\Database\\{closure}('alter table `in...', Array)
#2 C:\\Users\\Usuario\\Downloads\\SGN_Monalezza-main\\SGN_Monalezza-main\\vendor\\laravel\\framework\\src\\Illuminate\\Database\\Connection.php(779): Illuminate\\Database\\Connection->runQueryCallback('alter table `in...', Array, Object(Closure))
#3 C:\\Users\\Usuario\\Downloads\\SGN_Monalezza-main\\SGN_Monalezza-main\\vendor\\laravel\\framework\\src\\Illuminate\\Database\\Connection.php(560): Illuminate\\Database\\Connection->run('alter table `in...', Array, Object(Closure))
#4 C:\\Users\\Usuario\\Downloads\\SGN_Monalezza-main\\SGN_Monalezza-main\\vendor\\laravel\\framework\\src\\Illuminate\\Database\\Schema\\Blueprint.php(117): Illuminate\\Database\\Connection->statement('alter table `in...')
#5 C:\\Users\\Usuario\\Downloads\\SGN_Monalezza-main\\SGN_Monalezza-main\\vendor\\laravel\\framework\\src\\Illuminate\\Database\\Schema\\Builder.php(565): Illuminate\\Database\\Schema\\Blueprint->build(Object(Illuminate\\Database\\MySqlConnection), Object(Illuminate\\Database\\Schema\\Grammars\\MySqlGrammar))
#6 C:\\Users\\Usuario\\Downloads\\SGN_Monalezza-main\\SGN_Monalezza-main\\vendor\\laravel\\framework\\src\\Illuminate\\Database\\Schema\\Builder.php(419): Illuminate\\Database\\Schema\\Builder->build(Object(Illuminate\\Database\\Schema\\Blueprint))
#7 C:\\Users\\Usuario\\Downloads\\SGN_Monalezza-main\\SGN_Monalezza-main\\vendor\\laravel\\framework\\src\\Illuminate\\Support\\Facades\\Facade.php(358): Illuminate\\Database\\Schema\\Builder->create('ingrediente', Object(Closure))
#8 C:\\Users\\Usuario\\Downloads\\SGN_Monalezza-main\\SGN_Monalezza-main\\database\\migrations\\2024_09_15_171326_create_ingrediente_table.php(14): Illuminate\\Support\\Facades\\Facade::__callStatic('create', Array)
#9 C:\\Users\\Usuario\\Downloads\\SGN_Monalezza-main\\SGN_Monalezza-main\\vendor\\laravel\\framework\\src\\Illuminate\\Database\\Migrations\\Migrator.php(475): Illuminate\\Database\\Migrations\\Migration@anonymous->up()
#10 C:\\Users\\Usuario\\Downloads\\SGN_Monalezza-main\\SGN_Monalezza-main\\vendor\\laravel\\framework\\src\\Illuminate\\Database\\Migrations\\Migrator.php(400): Illuminate\\Database\\Migrations\\Migrator->runMethod(Object(Illuminate\\Database\\MySqlConnection), Object(Illuminate\\Database\\Migrations\\Migration@anonymous), 'up')
#11 C:\\Users\\Usuario\\Downloads\\SGN_Monalezza-main\\SGN_Monalezza-main\\vendor\\laravel\\framework\\src\\Illuminate\\Database\\Migrations\\Migrator.php(409): Illuminate\\Database\\Migrations\\Migrator->Illuminate\\Database\\Migrations\\{closure}()
#12 C:\\Users\\Usuario\\Downloads\\SGN_Monalezza-main\\SGN_Monalezza-main\\vendor\\laravel\\framework\\src\\Illuminate\\Database\\Migrations\\Migrator.php(212): Illuminate\\Database\\Migrations\\Migrator->runMigration(Object(Illuminate\\Database\\Migrations\\Migration@anonymous), 'up')
#13 C:\\Users\\Usuario\\Downloads\\SGN_Monalezza-main\\SGN_Monalezza-main\\vendor\\laravel\\framework\\src\\Illuminate\\Console\\View\\Components\\Task.php(40): Illuminate\\Database\\Migrations\\Migrator->Illuminate\\Database\\Migrations\\{closure}()
#14 C:\\Users\\Usuario\\Downloads\\SGN_Monalezza-main\\SGN_Monalezza-main\\vendor\\laravel\\framework\\src\\Illuminate\\Database\\Migrations\\Migrator.php(736): Illuminate\\Console\\View\\Components\\Task->render('2024_09_15_1713...', Object(Closure))
#15 C:\\Users\\Usuario\\Downloads\\SGN_Monalezza-main\\SGN_Monalezza-main\\vendor\\laravel\\framework\\src\\Illuminate\\Database\\Migrations\\Migrator.php(212): Illuminate\\Database\\Migrations\\Migrator->write('Illuminate\\\\Cons...', '2024_09_15_1713...', Object(Closure))
#16 C:\\Users\\Usuario\\Downloads\\SGN_Monalezza-main\\SGN_Monalezza-main\\vendor\\laravel\\framework\\src\\Illuminate\\Database\\Migrations\\Migrator.php(179): Illuminate\\Database\\Migrations\\Migrator->runUp('C:\\\\Users\\\\Usuari...', 1, false)
#17 C:\\Users\\Usuario\\Downloads\\SGN_Monalezza-main\\SGN_Monalezza-main\\vendor\\laravel\\framework\\src\\Illuminate\\Database\\Migrations\\Migrator.php(122): Illuminate\\Database\\Migrations\\Migrator->runPending(Array, Array)
#18 C:\\Users\\Usuario\\Downloads\\SGN_Monalezza-main\\SGN_Monalezza-main\\vendor\\laravel\\framework\\src\\Illuminate\\Database\\Console\\Migrations\\MigrateCommand.php(116): Illuminate\\Database\\Migrations\\Migrator->run(Array, Array)
#19 C:\\Users\\Usuario\\Downloads\\SGN_Monalezza-main\\SGN_Monalezza-main\\vendor\\laravel\\framework\\src\\Illuminate\\Database\\Migrations\\Migrator.php(615): Illuminate\\Database\\Console\\Migrations\\MigrateCommand->Illuminate\\Database\\Console\\Migrations\\{closure}()
#20 C:\\Users\\Usuario\\Downloads\\SGN_Monalezza-main\\SGN_Monalezza-main\\vendor\\laravel\\framework\\src\\Illuminate\\Database\\Console\\Migrations\\MigrateCommand.php(109): Illuminate\\Database\\Migrations\\Migrator->usingConnection(NULL, Object(Closure))
#21 C:\\Users\\Usuario\\Downloads\\SGN_Monalezza-main\\SGN_Monalezza-main\\vendor\\laravel\\framework\\src\\Illuminate\\Database\\Console\\Migrations\\MigrateCommand.php(88): Illuminate\\Database\\Console\\Migrations\\MigrateCommand->runMigrations()
#22 C:\\Users\\Usuario\\Downloads\\SGN_Monalezza-main\\SGN_Monalezza-main\\vendor\\laravel\\framework\\src\\Illuminate\\Container\\BoundMethod.php(36): Illuminate\\Database\\Console\\Migrations\\MigrateCommand->handle()
#23 C:\\Users\\Usuario\\Downloads\\SGN_Monalezza-main\\SGN_Monalezza-main\\vendor\\laravel\\framework\\src\\Illuminate\\Container\\Util.php(43): Illuminate\\Container\\BoundMethod::Illuminate\\Container\\{closure}()
#24 C:\\Users\\Usuario\\Downloads\\SGN_Monalezza-main\\SGN_Monalezza-main\\vendor\\laravel\\framework\\src\\Illuminate\\Container\\BoundMethod.php(95): Illuminate\\Container\\Util::unwrapIfClosure(Object(Closure))
#25 C:\\Users\\Usuario\\Downloads\\SGN_Monalezza-main\\SGN_Monalezza-main\\vendor\\laravel\\framework\\src\\Illuminate\\Container\\BoundMethod.php(35): Illuminate\\Container\\BoundMethod::callBoundMethod(Object(Illuminate\\Foundation\\Application), Array, Object(Closure))
#26 C:\\Users\\Usuario\\Downloads\\SGN_Monalezza-main\\SGN_Monalezza-main\\vendor\\laravel\\framework\\src\\Illuminate\\Container\\Container.php(690): Illuminate\\Container\\BoundMethod::call(Object(Illuminate\\Foundation\\Application), Array, Array, NULL)
#27 C:\\Users\\Usuario\\Downloads\\SGN_Monalezza-main\\SGN_Monalezza-main\\vendor\\laravel\\framework\\src\\Illuminate\\Console\\Command.php(213): Illuminate\\Container\\Container->call(Array)
#28 C:\\Users\\Usuario\\Downloads\\SGN_Monalezza-main\\SGN_Monalezza-main\\vendor\\symfony\\console\\Command\\Command.php(279): Illuminate\\Console\\Command->execute(Object(Symfony\\Component\\Console\\Input\\ArgvInput), Object(Illuminate\\Console\\OutputStyle))
#29 C:\\Users\\Usuario\\Downloads\\SGN_Monalezza-main\\SGN_Monalezza-main\\vendor\\laravel\\framework\\src\\Illuminate\\Console\\Command.php(182): Symfony\\Component\\Console\\Command\\Command->run(Object(Symfony\\Component\\Console\\Input\\ArgvInput), Object(Illuminate\\Console\\OutputStyle))
#30 C:\\Users\\Usuario\\Downloads\\SGN_Monalezza-main\\SGN_Monalezza-main\\vendor\\symfony\\console\\Application.php(1047): Illuminate\\Console\\Command->run(Object(Symfony\\Component\\Console\\Input\\ArgvInput), Object(Symfony\\Component\\Console\\Output\\ConsoleOutput))
#31 C:\\Users\\Usuario\\Downloads\\SGN_Monalezza-main\\SGN_Monalezza-main\\vendor\\symfony\\console\\Application.php(316): Symfony\\Component\\Console\\Application->doRunCommand(Object(Illuminate\\Database\\Console\\Migrations\\MigrateCommand), Object(Symfony\\Component\\Console\\Input\\ArgvInput), Object(Symfony\\Component\\Console\\Output\\ConsoleOutput))
#32 C:\\Users\\Usuario\\Downloads\\SGN_Monalezza-main\\SGN_Monalezza-main\\vendor\\symfony\\console\\Application.php(167): Symfony\\Component\\Console\\Application->doRun(Object(Symfony\\Component\\Console\\Input\\ArgvInput), Object(Symfony\\Component\\Console\\Output\\ConsoleOutput))
#33 C:\\Users\\Usuario\\Downloads\\SGN_Monalezza-main\\SGN_Monalezza-main\\vendor\\laravel\\framework\\src\\Illuminate\\Foundation\\Console\\Kernel.php(197): Symfony\\Component\\Console\\Application->run(Object(Symfony\\Component\\Console\\Input\\ArgvInput), Object(Symfony\\Component\\Console\\Output\\ConsoleOutput))
#34 C:\\Users\\Usuario\\Downloads\\SGN_Monalezza-main\\SGN_Monalezza-main\\vendor\\laravel\\framework\\src\\Illuminate\\Foundation\\Application.php(1203): Illuminate\\Foundation\\Console\\Kernel->handle(Object(Symfony\\Component\\Console\\Input\\ArgvInput), Object(Symfony\\Component\\Console\\Output\\ConsoleOutput))
#35 C:\\Users\\Usuario\\Downloads\\SGN_Monalezza-main\\SGN_Monalezza-main\\artisan(13): Illuminate\\Foundation\\Application->handleCommand(Object(Symfony\\Component\\Console\\Input\\ArgvInput))
#36 {main}
"} 
[2025-09-25 18:02:41] local.ERROR: SQLSTATE[42S02]: Base table or view not found: 1146 Table 'sgn_monalezza.cliente' doesn't exist (Connection: mysql, SQL: select * from `cliente`) {"exception":"[object] (Illuminate\\Database\\QueryException(code: 42S02): SQLSTATE[42S02]: Base table or view not found: 1146 Table 'sgn_monalezza.cliente' doesn't exist (Connection: mysql, SQL: select * from `cliente`) at C:\\Users\\Usuario\\Downloads\\SGN_Monalezza-main\\SGN_Monalezza-main\\vendor\\laravel\\framework\\src\\Illuminate\\Database\\Connection.php:825)
[stacktrace]
#0 C:\\Users\\Usuario\\Downloads\\SGN_Monalezza-main\\SGN_Monalezza-main\\vendor\\laravel\\framework\\src\\Illuminate\\Database\\Connection.php(779): Illuminate\\Database\\Connection->runQueryCallback('select * from `...', Array, Object(Closure))
#1 C:\\Users\\Usuario\\Downloads\\SGN_Monalezza-main\\SGN_Monalezza-main\\vendor\\laravel\\framework\\src\\Illuminate\\Database\\Connection.php(398): Illuminate\\Database\\Connection->run('select * from `...', Array, Object(Closure))
#2 C:\\Users\\Usuario\\Downloads\\SGN_Monalezza-main\\SGN_Monalezza-main\\vendor\\laravel\\framework\\src\\Illuminate\\Database\\Query\\Builder.php(3130): Illuminate\\Database\\Connection->select('select * from `...', Array, true)
#3 C:\\Users\\Usuario\\Downloads\\SGN_Monalezza-main\\SGN_Monalezza-main\\vendor\\laravel\\framework\\src\\Illuminate\\Database\\Query\\Builder.php(3115): Illuminate\\Database\\Query\\Builder->runSelect()
#4 C:\\Users\\Usuario\\Downloads\\SGN_Monalezza-main\\SGN_Monalezza-main\\vendor\\laravel\\framework\\src\\Illuminate\\Database\\Query\\Builder.php(3703): Illuminate\\Database\\Query\\Builder->Illuminate\\Database\\Query\\{closure}()
#5 C:\\Users\\Usuario\\Downloads\\SGN_Monalezza-main\\SGN_Monalezza-main\\vendor\\laravel\\framework\\src\\Illuminate\\Database\\Query\\Builder.php(3114): Illuminate\\Database\\Query\\Builder->onceWithColumns(Array, Object(Closure))
#6 C:\\Users\\Usuario\\Downloads\\SGN_Monalezza-main\\SGN_Monalezza-main\\vendor\\laravel\\framework\\src\\Illuminate\\Database\\Eloquent\\Builder.php(759): Illuminate\\Database\\Query\\Builder->get(Array)
#7 C:\\Users\\Usuario\\Downloads\\SGN_Monalezza-main\\SGN_Monalezza-main\\vendor\\laravel\\framework\\src\\Illuminate\\Database\\Eloquent\\Builder.php(741): Illuminate\\Database\\Eloquent\\Builder->getModels(Array)
#8 C:\\Users\\Usuario\\Downloads\\SGN_Monalezza-main\\SGN_Monalezza-main\\vendor\\laravel\\framework\\src\\Illuminate\\Database\\Eloquent\\Model.php(693): Illuminate\\Database\\Eloquent\\Builder->get(Array)
#9 C:\\Users\\Usuario\\Downloads\\SGN_Monalezza-main\\SGN_Monalezza-main\\app\\Http\\Controllers\\Pedido_controller.php(25): Illuminate\\Database\\Eloquent\\Model::all()
#10 C:\\Users\\Usuario\\Downloads\\SGN_Monalezza-main\\SGN_Monalezza-main\\vendor\\laravel\\framework\\src\\Illuminate\\Routing\\ControllerDispatcher.php(46): App\\Http\\Controllers\\Pedido_controller->mostrarParaInsertar()
#11 C:\\Users\\Usuario\\Downloads\\SGN_Monalezza-main\\SGN_Monalezza-main\\vendor\\laravel\\framework\\src\\Illuminate\\Routing\\Route.php(262): Illuminate\\Routing\\ControllerDispatcher->dispatch(Object(Illuminate\\Routing\\Route), Object(App\\Http\\Controllers\\Pedido_controller), 'mostrarParaInse...')
#12 C:\\Users\\Usuario\\Downloads\\SGN_Monalezza-main\\SGN_Monalezza-main\\vendor\\laravel\\framework\\src\\Illuminate\\Routing\\Route.php(208): Illuminate\\Routing\\Route->runController()
#13 C:\\Users\\Usuario\\Downloads\\SGN_Monalezza-main\\SGN_Monalezza-main\\vendor\\laravel\\framework\\src\\Illuminate\\Routing\\Router.php(808): Illuminate\\Routing\\Route->run()
#14 C:\\Users\\Usuario\\Downloads\\SGN_Monalezza-main\\SGN_Monalezza-main\\vendor\\laravel\\framework\\src\\Illuminate\\Pipeline\\Pipeline.php(144): Illuminate\\Routing\\Router->Illuminate\\Routing\\{closure}(Object(Illuminate\\Http\\Request))
#15 C:\\Users\\Usuario\\Downloads\\SGN_Monalezza-main\\SGN_Monalezza-main\\vendor\\laravel\\framework\\src\\Illuminate\\Routing\\Middleware\\SubstituteBindings.php(51): Illuminate\\Pipeline\\Pipeline->Illuminate\\Pipeline\\{closure}(Object(Illuminate\\Http\\Request))
#16 C:\\Users\\Usuario\\Downloads\\SGN_Monalezza-main\\SGN_Monalezza-main\\vendor\\laravel\\framework\\src\\Illuminate\\Pipeline\\Pipeline.php(183): Illuminate\\Routing\\Middleware\\SubstituteBindings->handle(Object(Illuminate\\Http\\Request), Object(Closure))
#17 C:\\Users\\Usuario\\Downloads\\SGN_Monalezza-main\\SGN_Monalezza-main\\vendor\\laravel\\framework\\src\\Illuminate\\Foundation\\Http\\Middleware\\VerifyCsrfToken.php(88): Illuminate\\Pipeline\\Pipeline->Illuminate\\Pipeline\\{closure}(Object(Illuminate\\Http\\Request))
#18 C:\\Users\\Usuario\\Downloads\\SGN_Monalezza-main\\SGN_Monalezza-main\\vendor\\laravel\\framework\\src\\Illuminate\\Pipeline\\Pipeline.php(183): Illuminate\\Foundation\\Http\\Middleware\\VerifyCsrfToken->handle(Object(Illuminate\\Http\\Request), Object(Closure))
#19 C:\\Users\\Usuario\\Downloads\\SGN_Monalezza-main\\SGN_Monalezza-main\\vendor\\laravel\\framework\\src\\Illuminate\\View\\Middleware\\ShareErrorsFromSession.php(49): Illuminate\\Pipeline\\Pipeline->Illuminate\\Pipeline\\{closure}(Object(Illuminate\\Http\\Request))
#20 C:\\Users\\Usuario\\Downloads\\SGN_Monalezza-main\\SGN_Monalezza-main\\vendor\\laravel\\framework\\src\\Illuminate\\Pipeline\\Pipeline.php(183): Illuminate\\View\\Middleware\\ShareErrorsFromSession->handle(Object(Illuminate\\Http\\Request), Object(Closure))
#21 C:\\Users\\Usuario\\Downloads\\SGN_Monalezza-main\\SGN_Monalezza-main\\vendor\\laravel\\framework\\src\\Illuminate\\Session\\Middleware\\StartSession.php(121): Illuminate\\Pipeline\\Pipeline->Illuminate\\Pipeline\\{closure}(Object(Illuminate\\Http\\Request))
#22 C:\\Users\\Usuario\\Downloads\\SGN_Monalezza-main\\SGN_Monalezza-main\\vendor\\laravel\\framework\\src\\Illuminate\\Session\\Middleware\\StartSession.php(64): Illuminate\\Session\\Middleware\\StartSession->handleStatefulRequest(Object(Illuminate\\Http\\Request), Object(Illuminate\\Session\\Store), Object(Closure))
#23 C:\\Users\\Usuario\\Downloads\\SGN_Monalezza-main\\SGN_Monalezza-main\\vendor\\laravel\\framework\\src\\Illuminate\\Pipeline\\Pipeline.php(183): Illuminate\\Session\\Middleware\\StartSession->handle(Object(Illuminate\\Http\\Request), Object(Closure))
#24 C:\\Users\\Usuario\\Downloads\\SGN_Monalezza-main\\SGN_Monalezza-main\\vendor\\laravel\\framework\\src\\Illuminate\\Cookie\\Middleware\\AddQueuedCookiesToResponse.php(37): Illuminate\\Pipeline\\Pipeline->Illuminate\\Pipeline\\{closure}(Object(Illuminate\\Http\\Request))
#25 C:\\Users\\Usuario\\Downloads\\SGN_Monalezza-main\\SGN_Monalezza-main\\vendor\\laravel\\framework\\src\\Illuminate\\Pipeline\\Pipeline.php(183): Illuminate\\Cookie\\Middleware\\AddQueuedCookiesToResponse->handle(Object(Illuminate\\Http\\Request), Object(Closure))
#26 C:\\Users\\Usuario\\Downloads\\SGN_Monalezza-main\\SGN_Monalezza-main\\vendor\\laravel\\framework\\src\\Illuminate\\Cookie\\Middleware\\EncryptCookies.php(75): Illuminate\\Pipeline\\Pipeline->Illuminate\\Pipeline\\{closure}(Object(Illuminate\\Http\\Request))
#27 C:\\Users\\Usuario\\Downloads\\SGN_Monalezza-main\\SGN_Monalezza-main\\vendor\\laravel\\framework\\src\\Illuminate\\Pipeline\\Pipeline.php(183): Illuminate\\Cookie\\Middleware\\EncryptCookies->handle(Object(Illuminate\\Http\\Request), Object(Closure))
#28 C:\\Users\\Usuario\\Downloads\\SGN_Monalezza-main\\SGN_Monalezza-main\\vendor\\laravel\\framework\\src\\Illuminate\\Pipeline\\Pipeline.php(119): Illuminate\\Pipeline\\Pipeline->Illuminate\\Pipeline\\{closure}(Object(Illuminate\\Http\\Request))
#29 C:\\Users\\Usuario\\Downloads\\SGN_Monalezza-main\\SGN_Monalezza-main\\vendor\\laravel\\framework\\src\\Illuminate\\Routing\\Router.php(807): Illuminate\\Pipeline\\Pipeline->then(Object(Closure))
#30 C:\\Users\\Usuario\\Downloads\\SGN_Monalezza-main\\SGN_Monalezza-main\\vendor\\laravel\\framework\\src\\Illuminate\\Routing\\Router.php(786): Illuminate\\Routing\\Router->runRouteWithinStack(Object(Illuminate\\Routing\\Route), Object(Illuminate\\Http\\Request))
#31 C:\\Users\\Usuario\\Downloads\\SGN_Monalezza-main\\SGN_Monalezza-main\\vendor\\laravel\\framework\\src\\Illuminate\\Routing\\Router.php(750): Illuminate\\Routing\\Router->runRoute(Object(Illuminate\\Http\\Request), Object(Illuminate\\Routing\\Route))
#32 C:\\Users\\Usuario\\Downloads\\SGN_Monalezza-main\\SGN_Monalezza-main\\vendor\\laravel\\framework\\src\\Illuminate\\Routing\\Router.php(739): Illuminate\\Routing\\Router->dispatchToRoute(Object(Illuminate\\Http\\Request))
#33 C:\\Users\\Usuario\\Downloads\\SGN_Monalezza-main\\SGN_Monalezza-main\\vendor\\laravel\\framework\\src\\Illuminate\\Foundation\\Http\\Kernel.php(201): Illuminate\\Routing\\Router->dispatch(Object(Illuminate\\Http\\Request))
#34 C:\\Users\\Usuario\\Downloads\\SGN_Monalezza-main\\SGN_Monalezza-main\\vendor\\laravel\\framework\\src\\Illuminate\\Pipeline\\Pipeline.php(144): Illuminate\\Foundation\\Http\\Kernel->Illuminate\\Foundation\\Http\\{closure}(Object(Illuminate\\Http\\Request))
#35 C:\\Users\\Usuario\\Downloads\\SGN_Monalezza-main\\SGN_Monalezza-main\\vendor\\livewire\\livewire\\src\\Features\\SupportDisablingBackButtonCache\\DisableBackButtonCacheMiddleware.php(19): Illuminate\\Pipeline\\Pipeline->Illuminate\\Pipeline\\{closure}(Object(Illuminate\\Http\\Request))
#36 C:\\Users\\Usuario\\Downloads\\SGN_Monalezza-main\\SGN_Monalezza-main\\vendor\\laravel\\framework\\src\\Illuminate\\Pipeline\\Pipeline.php(183): Livewire\\Features\\SupportDisablingBackButtonCache\\DisableBackButtonCacheMiddleware->handle(Object(Illuminate\\Http\\Request), Object(Closure))
#37 C:\\Users\\Usuario\\Downloads\\SGN_Monalezza-main\\SGN_Monalezza-main\\vendor\\laravel\\framework\\src\\Illuminate\\Foundation\\Http\\Middleware\\TransformsRequest.php(21): Illuminate\\Pipeline\\Pipeline->Illuminate\\Pipeline\\{closure}(Object(Illuminate\\Http\\Request))
#38 C:\\Users\\Usuario\\Downloads\\SGN_Monalezza-main\\SGN_Monalezza-main\\vendor\\laravel\\framework\\src\\Illuminate\\Foundation\\Http\\Middleware\\ConvertEmptyStringsToNull.php(31): Illuminate\\Foundation\\Http\\Middleware\\TransformsRequest->handle(Object(Illuminate\\Http\\Request), Object(Closure))
#39 C:\\Users\\Usuario\\Downloads\\SGN_Monalezza-main\\SGN_Monalezza-main\\vendor\\laravel\\framework\\src\\Illuminate\\Pipeline\\Pipeline.php(183): Illuminate\\Foundation\\Http\\Middleware\\ConvertEmptyStringsToNull->handle(Object(Illuminate\\Http\\Request), Object(Closure))
#40 C:\\Users\\Usuario\\Downloads\\SGN_Monalezza-main\\SGN_Monalezza-main\\vendor\\laravel\\framework\\src\\Illuminate\\Foundation\\Http\\Middleware\\TransformsRequest.php(21): Illuminate\\Pipeline\\Pipeline->Illuminate\\Pipeline\\{closure}(Object(Illuminate\\Http\\Request))
#41 C:\\Users\\Usuario\\Downloads\\SGN_Monalezza-main\\SGN_Monalezza-main\\vendor\\laravel\\framework\\src\\Illuminate\\Foundation\\Http\\Middleware\\TrimStrings.php(51): Illuminate\\Foundation\\Http\\Middleware\\TransformsRequest->handle(Object(Illuminate\\Http\\Request), Object(Closure))
#42 C:\\Users\\Usuario\\Downloads\\SGN_Monalezza-main\\SGN_Monalezza-main\\vendor\\laravel\\framework\\src\\Illuminate\\Pipeline\\Pipeline.php(183): Illuminate\\Foundation\\Http\\Middleware\\TrimStrings->handle(Object(Illuminate\\Http\\Request), Object(Closure))
#43 C:\\Users\\Usuario\\Downloads\\SGN_Monalezza-main\\SGN_Monalezza-main\\vendor\\laravel\\framework\\src\\Illuminate\\Http\\Middleware\\ValidatePostSize.php(27): Illuminate\\Pipeline\\Pipeline->Illuminate\\Pipeline\\{closure}(Object(Illuminate\\Http\\Request))
#44 C:\\Users\\Usuario\\Downloads\\SGN_Monalezza-main\\SGN_Monalezza-main\\vendor\\laravel\\framework\\src\\Illuminate\\Pipeline\\Pipeline.php(183): Illuminate\\Http\\Middleware\\ValidatePostSize->handle(Object(Illuminate\\Http\\Request), Object(Closure))
#45 C:\\Users\\Usuario\\Downloads\\SGN_Monalezza-main\\SGN_Monalezza-main\\vendor\\laravel\\framework\\src\\Illuminate\\Foundation\\Http\\Middleware\\PreventRequestsDuringMaintenance.php(110): Illuminate\\Pipeline\\Pipeline->Illuminate\\Pipeline\\{closure}(Object(Illuminate\\Http\\Request))
#46 C:\\Users\\Usuario\\Downloads\\SGN_Monalezza-main\\SGN_Monalezza-main\\vendor\\laravel\\framework\\src\\Illuminate\\Pipeline\\Pipeline.php(183): Illuminate\\Foundation\\Http\\Middleware\\PreventRequestsDuringMaintenance->handle(Object(Illuminate\\Http\\Request), Object(Closure))
#47 C:\\Users\\Usuario\\Downloads\\SGN_Monalezza-main\\SGN_Monalezza-main\\vendor\\laravel\\framework\\src\\Illuminate\\Http\\Middleware\\HandleCors.php(49): Illuminate\\Pipeline\\Pipeline->Illuminate\\Pipeline\\{closure}(Object(Illuminate\\Http\\Request))
#48 C:\\Users\\Usuario\\Downloads\\SGN_Monalezza-main\\SGN_Monalezza-main\\vendor\\laravel\\framework\\src\\Illuminate\\Pipeline\\Pipeline.php(183): Illuminate\\Http\\Middleware\\HandleCors->handle(Object(Illuminate\\Http\\Request), Object(Closure))
#49 C:\\Users\\Usuario\\Downloads\\SGN_Monalezza-main\\SGN_Monalezza-main\\vendor\\laravel\\framework\\src\\Illuminate\\Http\\Middleware\\TrustProxies.php(58): Illuminate\\Pipeline\\Pipeline->Illuminate\\Pipeline\\{closure}(Object(Illuminate\\Http\\Request))
#50 C:\\Users\\Usuario\\Downloads\\SGN_Monalezza-main\\SGN_Monalezza-main\\vendor\\laravel\\framework\\src\\Illuminate\\Pipeline\\Pipeline.php(183): Illuminate\\Http\\Middleware\\TrustProxies->handle(Object(Illuminate\\Http\\Request), Object(Closure))
#51 C:\\Users\\Usuario\\Downloads\\SGN_Monalezza-main\\SGN_Monalezza-main\\vendor\\laravel\\framework\\src\\Illuminate\\Foundation\\Http\\Middleware\\InvokeDeferredCallbacks.php(22): Illuminate\\Pipeline\\Pipeline->Illuminate\\Pipeline\\{closure}(Object(Illuminate\\Http\\Request))
#52 C:\\Users\\Usuario\\Downloads\\SGN_Monalezza-main\\SGN_Monalezza-main\\vendor\\laravel\\framework\\src\\Illuminate\\Pipeline\\Pipeline.php(183): Illuminate\\Foundation\\Http\\Middleware\\InvokeDeferredCallbacks->handle(Object(Illuminate\\Http\\Request), Object(Closure))
#53 C:\\Users\\Usuario\\Downloads\\SGN_Monalezza-main\\SGN_Monalezza-main\\vendor\\laravel\\framework\\src\\Illuminate\\Pipeline\\Pipeline.php(119): Illuminate\\Pipeline\\Pipeline->Illuminate\\Pipeline\\{closure}(Object(Illuminate\\Http\\Request))
#54 C:\\Users\\Usuario\\Downloads\\SGN_Monalezza-main\\SGN_Monalezza-main\\vendor\\laravel\\framework\\src\\Illuminate\\Foundation\\Http\\Kernel.php(176): Illuminate\\Pipeline\\Pipeline->then(Object(Closure))
#55 C:\\Users\\Usuario\\Downloads\\SGN_Monalezza-main\\SGN_Monalezza-main\\vendor\\laravel\\framework\\src\\Illuminate\\Foundation\\Http\\Kernel.php(145): Illuminate\\Foundation\\Http\\Kernel->sendRequestThroughRouter(Object(Illuminate\\Http\\Request))
#56 C:\\Users\\Usuario\\Downloads\\SGN_Monalezza-main\\SGN_Monalezza-main\\vendor\\laravel\\framework\\src\\Illuminate\\Foundation\\Application.php(1188): Illuminate\\Foundation\\Http\\Kernel->handle(Object(Illuminate\\Http\\Request))
#57 C:\\Users\\Usuario\\Downloads\\SGN_Monalezza-main\\SGN_Monalezza-main\\public\\index.php(17): Illuminate\\Foundation\\Application->handleRequest(Object(Illuminate\\Http\\Request))
#58 C:\\Users\\Usuario\\Downloads\\SGN_Monalezza-main\\SGN_Monalezza-main\\vendor\\laravel\\framework\\src\\Illuminate\\Foundation\\resources\\server.php(23): require_once('C:\\\\Users\\\\Usuari...')
#59 {main}

[previous exception] [object] (PDOException(code: 42S02): SQLSTATE[42S02]: Base table or view not found: 1146 Table 'sgn_monalezza.cliente' doesn't exist at C:\\Users\\Usuario\\Downloads\\SGN_Monalezza-main\\SGN_Monalezza-main\\vendor\\laravel\\framework\\src\\Illuminate\\Database\\Connection.php:407)
[stacktrace]
#0 C:\\Users\\Usuario\\Downloads\\SGN_Monalezza-main\\SGN_Monalezza-main\\vendor\\laravel\\framework\\src\\Illuminate\\Database\\Connection.php(407): PDO->prepare('select * from `...')
#1 C:\\Users\\Usuario\\Downloads\\SGN_Monalezza-main\\SGN_Monalezza-main\\vendor\\laravel\\framework\\src\\Illuminate\\Database\\Connection.php(812): Illuminate\\Database\\Connection->Illuminate\\Database\\{closure}('select * from `...', Array)
#2 C:\\Users\\Usuario\\Downloads\\SGN_Monalezza-main\\SGN_Monalezza-main\\vendor\\laravel\\framework\\src\\Illuminate\\Database\\Connection.php(779): Illuminate\\Database\\Connection->runQueryCallback('select * from `...', Array, Object(Closure))
#3 C:\\Users\\Usuario\\Downloads\\SGN_Monalezza-main\\SGN_Monalezza-main\\vendor\\laravel\\framework\\src\\Illuminate\\Database\\Connection.php(398): Illuminate\\Database\\Connection->run('select * from `...', Array, Object(Closure))
#4 C:\\Users\\Usuario\\Downloads\\SGN_Monalezza-main\\SGN_Monalezza-main\\vendor\\laravel\\framework\\src\\Illuminate\\Database\\Query\\Builder.php(3130): Illuminate\\Database\\Connection->select('select * from `...', Array, true)
#5 C:\\Users\\Usuario\\Downloads\\SGN_Monalezza-main\\SGN_Monalezza-main\\vendor\\laravel\\framework\\src\\Illuminate\\Database\\Query\\Builder.php(3115): Illuminate\\Database\\Query\\Builder->runSelect()
#6 C:\\Users\\Usuario\\Downloads\\SGN_Monalezza-main\\SGN_Monalezza-main\\vendor\\laravel\\framework\\src\\Illuminate\\Database\\Query\\Builder.php(3703): Illuminate\\Database\\Query\\Builder->Illuminate\\Database\\Query\\{closure}()
#7 C:\\Users\\Usuario\\Downloads\\SGN_Monalezza-main\\SGN_Monalezza-main\\vendor\\laravel\\framework\\src\\Illuminate\\Database\\Query\\Builder.php(3114): Illuminate\\Database\\Query\\Builder->onceWithColumns(Array, Object(Closure))
#8 C:\\Users\\Usuario\\Downloads\\SGN_Monalezza-main\\SGN_Monalezza-main\\vendor\\laravel\\framework\\src\\Illuminate\\Database\\Eloquent\\Builder.php(759): Illuminate\\Database\\Query\\Builder->get(Array)
#9 C:\\Users\\Usuario\\Downloads\\SGN_Monalezza-main\\SGN_Monalezza-main\\vendor\\laravel\\framework\\src\\Illuminate\\Database\\Eloquent\\Builder.php(741): Illuminate\\Database\\Eloquent\\Builder->getModels(Array)
#10 C:\\Users\\Usuario\\Downloads\\SGN_Monalezza-main\\SGN_Monalezza-main\\vendor\\laravel\\framework\\src\\Illuminate\\Database\\Eloquent\\Model.php(693): Illuminate\\Database\\Eloquent\\Builder->get(Array)
#11 C:\\Users\\Usuario\\Downloads\\SGN_Monalezza-main\\SGN_Monalezza-main\\app\\Http\\Controllers\\Pedido_controller.php(25): Illuminate\\Database\\Eloquent\\Model::all()
#12 C:\\Users\\Usuario\\Downloads\\SGN_Monalezza-main\\SGN_Monalezza-main\\vendor\\laravel\\framework\\src\\Illuminate\\Routing\\ControllerDispatcher.php(46): App\\Http\\Controllers\\Pedido_controller->mostrarParaInsertar()
#13 C:\\Users\\Usuario\\Downloads\\SGN_Monalezza-main\\SGN_Monalezza-main\\vendor\\laravel\\framework\\src\\Illuminate\\Routing\\Route.php(262): Illuminate\\Routing\\ControllerDispatcher->dispatch(Object(Illuminate\\Routing\\Route), Object(App\\Http\\Controllers\\Pedido_controller), 'mostrarParaInse...')
#14 C:\\Users\\Usuario\\Downloads\\SGN_Monalezza-main\\SGN_Monalezza-main\\vendor\\laravel\\framework\\src\\Illuminate\\Routing\\Route.php(208): Illuminate\\Routing\\Route->runController()
#15 C:\\Users\\Usuario\\Downloads\\SGN_Monalezza-main\\SGN_Monalezza-main\\vendor\\laravel\\framework\\src\\Illuminate\\Routing\\Router.php(808): Illuminate\\Routing\\Route->run()
#16 C:\\Users\\Usuario\\Downloads\\SGN_Monalezza-main\\SGN_Monalezza-main\\vendor\\laravel\\framework\\src\\Illuminate\\Pipeline\\Pipeline.php(144): Illuminate\\Routing\\Router->Illuminate\\Routing\\{closure}(Object(Illuminate\\Http\\Request))
#17 C:\\Users\\Usuario\\Downloads\\SGN_Monalezza-main\\SGN_Monalezza-main\\vendor\\laravel\\framework\\src\\Illuminate\\Routing\\Middleware\\SubstituteBindings.php(51): Illuminate\\Pipeline\\Pipeline->Illuminate\\Pipeline\\{closure}(Object(Illuminate\\Http\\Request))
#18 C:\\Users\\Usuario\\Downloads\\SGN_Monalezza-main\\SGN_Monalezza-main\\vendor\\laravel\\framework\\src\\Illuminate\\Pipeline\\Pipeline.php(183): Illuminate\\Routing\\Middleware\\SubstituteBindings->handle(Object(Illuminate\\Http\\Request), Object(Closure))
#19 C:\\Users\\Usuario\\Downloads\\SGN_Monalezza-main\\SGN_Monalezza-main\\vendor\\laravel\\framework\\src\\Illuminate\\Foundation\\Http\\Middleware\\VerifyCsrfToken.php(88): Illuminate\\Pipeline\\Pipeline->Illuminate\\Pipeline\\{closure}(Object(Illuminate\\Http\\Request))
#20 C:\\Users\\Usuario\\Downloads\\SGN_Monalezza-main\\SGN_Monalezza-main\\vendor\\laravel\\framework\\src\\Illuminate\\Pipeline\\Pipeline.php(183): Illuminate\\Foundation\\Http\\Middleware\\VerifyCsrfToken->handle(Object(Illuminate\\Http\\Request), Object(Closure))
#21 C:\\Users\\Usuario\\Downloads\\SGN_Monalezza-main\\SGN_Monalezza-main\\vendor\\laravel\\framework\\src\\Illuminate\\View\\Middleware\\ShareErrorsFromSession.php(49): Illuminate\\Pipeline\\Pipeline->Illuminate\\Pipeline\\{closure}(Object(Illuminate\\Http\\Request))
#22 C:\\Users\\Usuario\\Downloads\\SGN_Monalezza-main\\SGN_Monalezza-main\\vendor\\laravel\\framework\\src\\Illuminate\\Pipeline\\Pipeline.php(183): Illuminate\\View\\Middleware\\ShareErrorsFromSession->handle(Object(Illuminate\\Http\\Request), Object(Closure))
#23 C:\\Users\\Usuario\\Downloads\\SGN_Monalezza-main\\SGN_Monalezza-main\\vendor\\laravel\\framework\\src\\Illuminate\\Session\\Middleware\\StartSession.php(121): Illuminate\\Pipeline\\Pipeline->Illuminate\\Pipeline\\{closure}(Object(Illuminate\\Http\\Request))
#24 C:\\Users\\Usuario\\Downloads\\SGN_Monalezza-main\\SGN_Monalezza-main\\vendor\\laravel\\framework\\src\\Illuminate\\Session\\Middleware\\StartSession.php(64): Illuminate\\Session\\Middleware\\StartSession->handleStatefulRequest(Object(Illuminate\\Http\\Request), Object(Illuminate\\Session\\Store), Object(Closure))
#25 C:\\Users\\Usuario\\Downloads\\SGN_Monalezza-main\\SGN_Monalezza-main\\vendor\\laravel\\framework\\src\\Illuminate\\Pipeline\\Pipeline.php(183): Illuminate\\Session\\Middleware\\StartSession->handle(Object(Illuminate\\Http\\Request), Object(Closure))
#26 C:\\Users\\Usuario\\Downloads\\SGN_Monalezza-main\\SGN_Monalezza-main\\vendor\\laravel\\framework\\src\\Illuminate\\Cookie\\Middleware\\AddQueuedCookiesToResponse.php(37): Illuminate\\Pipeline\\Pipeline->Illuminate\\Pipeline\\{closure}(Object(Illuminate\\Http\\Request))
#27 C:\\Users\\Usuario\\Downloads\\SGN_Monalezza-main\\SGN_Monalezza-main\\vendor\\laravel\\framework\\src\\Illuminate\\Pipeline\\Pipeline.php(183): Illuminate\\Cookie\\Middleware\\AddQueuedCookiesToResponse->handle(Object(Illuminate\\Http\\Request), Object(Closure))
#28 C:\\Users\\Usuario\\Downloads\\SGN_Monalezza-main\\SGN_Monalezza-main\\vendor\\laravel\\framework\\src\\Illuminate\\Cookie\\Middleware\\EncryptCookies.php(75): Illuminate\\Pipeline\\Pipeline->Illuminate\\Pipeline\\{closure}(Object(Illuminate\\Http\\Request))
#29 C:\\Users\\Usuario\\Downloads\\SGN_Monalezza-main\\SGN_Monalezza-main\\vendor\\laravel\\framework\\src\\Illuminate\\Pipeline\\Pipeline.php(183): Illuminate\\Cookie\\Middleware\\EncryptCookies->handle(Object(Illuminate\\Http\\Request), Object(Closure))
#30 C:\\Users\\Usuario\\Downloads\\SGN_Monalezza-main\\SGN_Monalezza-main\\vendor\\laravel\\framework\\src\\Illuminate\\Pipeline\\Pipeline.php(119): Illuminate\\Pipeline\\Pipeline->Illuminate\\Pipeline\\{closure}(Object(Illuminate\\Http\\Request))
#31 C:\\Users\\Usuario\\Downloads\\SGN_Monalezza-main\\SGN_Monalezza-main\\vendor\\laravel\\framework\\src\\Illuminate\\Routing\\Router.php(807): Illuminate\\Pipeline\\Pipeline->then(Object(Closure))
#32 C:\\Users\\Usuario\\Downloads\\SGN_Monalezza-main\\SGN_Monalezza-main\\vendor\\laravel\\framework\\src\\Illuminate\\Routing\\Router.php(786): Illuminate\\Routing\\Router->runRouteWithinStack(Object(Illuminate\\Routing\\Route), Object(Illuminate\\Http\\Request))
#33 C:\\Users\\Usuario\\Downloads\\SGN_Monalezza-main\\SGN_Monalezza-main\\vendor\\laravel\\framework\\src\\Illuminate\\Routing\\Router.php(750): Illuminate\\Routing\\Router->runRoute(Object(Illuminate\\Http\\Request), Object(Illuminate\\Routing\\Route))
#34 C:\\Users\\Usuario\\Downloads\\SGN_Monalezza-main\\SGN_Monalezza-main\\vendor\\laravel\\framework\\src\\Illuminate\\Routing\\Router.php(739): Illuminate\\Routing\\Router->dispatchToRoute(Object(Illuminate\\Http\\Request))
#35 C:\\Users\\Usuario\\Downloads\\SGN_Monalezza-main\\SGN_Monalezza-main\\vendor\\laravel\\framework\\src\\Illuminate\\Foundation\\Http\\Kernel.php(201): Illuminate\\Routing\\Router->dispatch(Object(Illuminate\\Http\\Request))
#36 C:\\Users\\Usuario\\Downloads\\SGN_Monalezza-main\\SGN_Monalezza-main\\vendor\\laravel\\framework\\src\\Illuminate\\Pipeline\\Pipeline.php(144): Illuminate\\Foundation\\Http\\Kernel->Illuminate\\Foundation\\Http\\{closure}(Object(Illuminate\\Http\\Request))
#37 C:\\Users\\Usuario\\Downloads\\SGN_Monalezza-main\\SGN_Monalezza-main\\vendor\\livewire\\livewire\\src\\Features\\SupportDisablingBackButtonCache\\DisableBackButtonCacheMiddleware.php(19): Illuminate\\Pipeline\\Pipeline->Illuminate\\Pipeline\\{closure}(Object(Illuminate\\Http\\Request))
#38 C:\\Users\\Usuario\\Downloads\\SGN_Monalezza-main\\SGN_Monalezza-main\\vendor\\laravel\\framework\\src\\Illuminate\\Pipeline\\Pipeline.php(183): Livewire\\Features\\SupportDisablingBackButtonCache\\DisableBackButtonCacheMiddleware->handle(Object(Illuminate\\Http\\Request), Object(Closure))
#39 C:\\Users\\Usuario\\Downloads\\SGN_Monalezza-main\\SGN_Monalezza-main\\vendor\\laravel\\framework\\src\\Illuminate\\Foundation\\Http\\Middleware\\TransformsRequest.php(21): Illuminate\\Pipeline\\Pipeline->Illuminate\\Pipeline\\{closure}(Object(Illuminate\\Http\\Request))
#40 C:\\Users\\Usuario\\Downloads\\SGN_Monalezza-main\\SGN_Monalezza-main\\vendor\\laravel\\framework\\src\\Illuminate\\Foundation\\Http\\Middleware\\ConvertEmptyStringsToNull.php(31): Illuminate\\Foundation\\Http\\Middleware\\TransformsRequest->handle(Object(Illuminate\\Http\\Request), Object(Closure))
#41 C:\\Users\\Usuario\\Downloads\\SGN_Monalezza-main\\SGN_Monalezza-main\\vendor\\laravel\\framework\\src\\Illuminate\\Pipeline\\Pipeline.php(183): Illuminate\\Foundation\\Http\\Middleware\\ConvertEmptyStringsToNull->handle(Object(Illuminate\\Http\\Request), Object(Closure))
#42 C:\\Users\\Usuario\\Downloads\\SGN_Monalezza-main\\SGN_Monalezza-main\\vendor\\laravel\\framework\\src\\Illuminate\\Foundation\\Http\\Middleware\\TransformsRequest.php(21): Illuminate\\Pipeline\\Pipeline->Illuminate\\Pipeline\\{closure}(Object(Illuminate\\Http\\Request))
#43 C:\\Users\\Usuario\\Downloads\\SGN_Monalezza-main\\SGN_Monalezza-main\\vendor\\laravel\\framework\\src\\Illuminate\\Foundation\\Http\\Middleware\\TrimStrings.php(51): Illuminate\\Foundation\\Http\\Middleware\\TransformsRequest->handle(Object(Illuminate\\Http\\Request), Object(Closure))
#44 C:\\Users\\Usuario\\Downloads\\SGN_Monalezza-main\\SGN_Monalezza-main\\vendor\\laravel\\framework\\src\\Illuminate\\Pipeline\\Pipeline.php(183): Illuminate\\Foundation\\Http\\Middleware\\TrimStrings->handle(Object(Illuminate\\Http\\Request), Object(Closure))
#45 C:\\Users\\Usuario\\Downloads\\SGN_Monalezza-main\\SGN_Monalezza-main\\vendor\\laravel\\framework\\src\\Illuminate\\Http\\Middleware\\ValidatePostSize.php(27): Illuminate\\Pipeline\\Pipeline->Illuminate\\Pipeline\\{closure}(Object(Illuminate\\Http\\Request))
#46 C:\\Users\\Usuario\\Downloads\\SGN_Monalezza-main\\SGN_Monalezza-main\\vendor\\laravel\\framework\\src\\Illuminate\\Pipeline\\Pipeline.php(183): Illuminate\\Http\\Middleware\\ValidatePostSize->handle(Object(Illuminate\\Http\\Request), Object(Closure))
#47 C:\\Users\\Usuario\\Downloads\\SGN_Monalezza-main\\SGN_Monalezza-main\\vendor\\laravel\\framework\\src\\Illuminate\\Foundation\\Http\\Middleware\\PreventRequestsDuringMaintenance.php(110): Illuminate\\Pipeline\\Pipeline->Illuminate\\Pipeline\\{closure}(Object(Illuminate\\Http\\Request))
#48 C:\\Users\\Usuario\\Downloads\\SGN_Monalezza-main\\SGN_Monalezza-main\\vendor\\laravel\\framework\\src\\Illuminate\\Pipeline\\Pipeline.php(183): Illuminate\\Foundation\\Http\\Middleware\\PreventRequestsDuringMaintenance->handle(Object(Illuminate\\Http\\Request), Object(Closure))
#49 C:\\Users\\Usuario\\Downloads\\SGN_Monalezza-main\\SGN_Monalezza-main\\vendor\\laravel\\framework\\src\\Illuminate\\Http\\Middleware\\HandleCors.php(49): Illuminate\\Pipeline\\Pipeline->Illuminate\\Pipeline\\{closure}(Object(Illuminate\\Http\\Request))
#50 C:\\Users\\Usuario\\Downloads\\SGN_Monalezza-main\\SGN_Monalezza-main\\vendor\\laravel\\framework\\src\\Illuminate\\Pipeline\\Pipeline.php(183): Illuminate\\Http\\Middleware\\HandleCors->handle(Object(Illuminate\\Http\\Request), Object(Closure))
#51 C:\\Users\\Usuario\\Downloads\\SGN_Monalezza-main\\SGN_Monalezza-main\\vendor\\laravel\\framework\\src\\Illuminate\\Http\\Middleware\\TrustProxies.php(58): Illuminate\\Pipeline\\Pipeline->Illuminate\\Pipeline\\{closure}(Object(Illuminate\\Http\\Request))
#52 C:\\Users\\Usuario\\Downloads\\SGN_Monalezza-main\\SGN_Monalezza-main\\vendor\\laravel\\framework\\src\\Illuminate\\Pipeline\\Pipeline.php(183): Illuminate\\Http\\Middleware\\TrustProxies->handle(Object(Illuminate\\Http\\Request), Object(Closure))
#53 C:\\Users\\Usuario\\Downloads\\SGN_Monalezza-main\\SGN_Monalezza-main\\vendor\\laravel\\framework\\src\\Illuminate\\Foundation\\Http\\Middleware\\InvokeDeferredCallbacks.php(22): Illuminate\\Pipeline\\Pipeline->Illuminate\\Pipeline\\{closure}(Object(Illuminate\\Http\\Request))
#54 C:\\Users\\Usuario\\Downloads\\SGN_Monalezza-main\\SGN_Monalezza-main\\vendor\\laravel\\framework\\src\\Illuminate\\Pipeline\\Pipeline.php(183): Illuminate\\Foundation\\Http\\Middleware\\InvokeDeferredCallbacks->handle(Object(Illuminate\\Http\\Request), Object(Closure))
#55 C:\\Users\\Usuario\\Downloads\\SGN_Monalezza-main\\SGN_Monalezza-main\\vendor\\laravel\\framework\\src\\Illuminate\\Pipeline\\Pipeline.php(119): Illuminate\\Pipeline\\Pipeline->Illuminate\\Pipeline\\{closure}(Object(Illuminate\\Http\\Request))
#56 C:\\Users\\Usuario\\Downloads\\SGN_Monalezza-main\\SGN_Monalezza-main\\vendor\\laravel\\framework\\src\\Illuminate\\Foundation\\Http\\Kernel.php(176): Illuminate\\Pipeline\\Pipeline->then(Object(Closure))
#57 C:\\Users\\Usuario\\Downloads\\SGN_Monalezza-main\\SGN_Monalezza-main\\vendor\\laravel\\framework\\src\\Illuminate\\Foundation\\Http\\Kernel.php(145): Illuminate\\Foundation\\Http\\Kernel->sendRequestThroughRouter(Object(Illuminate\\Http\\Request))
#58 C:\\Users\\Usuario\\Downloads\\SGN_Monalezza-main\\SGN_Monalezza-main\\vendor\\laravel\\framework\\src\\Illuminate\\Foundation\\Application.php(1188): Illuminate\\Foundation\\Http\\Kernel->handle(Object(Illuminate\\Http\\Request))
#59 C:\\Users\\Usuario\\Downloads\\SGN_Monalezza-main\\SGN_Monalezza-main\\public\\index.php(17): Illuminate\\Foundation\\Application->handleRequest(Object(Illuminate\\Http\\Request))
#60 C:\\Users\\Usuario\\Downloads\\SGN_Monalezza-main\\SGN_Monalezza-main\\vendor\\laravel\\framework\\src\\Illuminate\\Foundation\\resources\\server.php(23): require_once('C:\\\\Users\\\\Usuari...')
#61 {main}
"} 
[2025-09-25 18:03:17] local.ERROR: SQLSTATE[42S01]: Base table or view already exists: 1050 Table 'ingrediente' already exists (Connection: mysql, SQL: create table `ingrediente` (`ingrediente_pk` bigint unsigned not null auto_increment primary key, `nombre_ingrediente` varchar(50) not null, `tipo_ingrediente_fk` bigint unsigned not null, `estatus_ingrediente` smallint not null) default character set utf8mb4 collate 'utf8mb4_unicode_ci') {"exception":"[object] (Illuminate\\Database\\QueryException(code: 42S01): SQLSTATE[42S01]: Base table or view already exists: 1050 Table 'ingrediente' already exists (Connection: mysql, SQL: create table `ingrediente` (`ingrediente_pk` bigint unsigned not null auto_increment primary key, `nombre_ingrediente` varchar(50) not null, `tipo_ingrediente_fk` bigint unsigned not null, `estatus_ingrediente` smallint not null) default character set utf8mb4 collate 'utf8mb4_unicode_ci') at C:\\Users\\Usuario\\Downloads\\SGN_Monalezza-main\\SGN_Monalezza-main\\vendor\\laravel\\framework\\src\\Illuminate\\Database\\Connection.php:825)
[stacktrace]
#0 C:\\Users\\Usuario\\Downloads\\SGN_Monalezza-main\\SGN_Monalezza-main\\vendor\\laravel\\framework\\src\\Illuminate\\Database\\Connection.php(779): Illuminate\\Database\\Connection->runQueryCallback('create table `i...', Array, Object(Closure))
#1 C:\\Users\\Usuario\\Downloads\\SGN_Monalezza-main\\SGN_Monalezza-main\\vendor\\laravel\\framework\\src\\Illuminate\\Database\\Connection.php(560): Illuminate\\Database\\Connection->run('create table `i...', Array, Object(Closure))
#2 C:\\Users\\Usuario\\Downloads\\SGN_Monalezza-main\\SGN_Monalezza-main\\vendor\\laravel\\framework\\src\\Illuminate\\Database\\Schema\\Blueprint.php(117): Illuminate\\Database\\Connection->statement('create table `i...')
#3 C:\\Users\\Usuario\\Downloads\\SGN_Monalezza-main\\SGN_Monalezza-main\\vendor\\laravel\\framework\\src\\Illuminate\\Database\\Schema\\Builder.php(565): Illuminate\\Database\\Schema\\Blueprint->build(Object(Illuminate\\Database\\MySqlConnection), Object(Illuminate\\Database\\Schema\\Grammars\\MySqlGrammar))
#4 C:\\Users\\Usuario\\Downloads\\SGN_Monalezza-main\\SGN_Monalezza-main\\vendor\\laravel\\framework\\src\\Illuminate\\Database\\Schema\\Builder.php(419): Illuminate\\Database\\Schema\\Builder->build(Object(Illuminate\\Database\\Schema\\Blueprint))
#5 C:\\Users\\Usuario\\Downloads\\SGN_Monalezza-main\\SGN_Monalezza-main\\vendor\\laravel\\framework\\src\\Illuminate\\Support\\Facades\\Facade.php(358): Illuminate\\Database\\Schema\\Builder->create('ingrediente', Object(Closure))
#6 C:\\Users\\Usuario\\Downloads\\SGN_Monalezza-main\\SGN_Monalezza-main\\database\\migrations\\2024_09_15_171326_create_ingrediente_table.php(14): Illuminate\\Support\\Facades\\Facade::__callStatic('create', Array)
#7 C:\\Users\\Usuario\\Downloads\\SGN_Monalezza-main\\SGN_Monalezza-main\\vendor\\laravel\\framework\\src\\Illuminate\\Database\\Migrations\\Migrator.php(475): Illuminate\\Database\\Migrations\\Migration@anonymous->up()
#8 C:\\Users\\Usuario\\Downloads\\SGN_Monalezza-main\\SGN_Monalezza-main\\vendor\\laravel\\framework\\src\\Illuminate\\Database\\Migrations\\Migrator.php(400): Illuminate\\Database\\Migrations\\Migrator->runMethod(Object(Illuminate\\Database\\MySqlConnection), Object(Illuminate\\Database\\Migrations\\Migration@anonymous), 'up')
#9 C:\\Users\\Usuario\\Downloads\\SGN_Monalezza-main\\SGN_Monalezza-main\\vendor\\laravel\\framework\\src\\Illuminate\\Database\\Migrations\\Migrator.php(409): Illuminate\\Database\\Migrations\\Migrator->Illuminate\\Database\\Migrations\\{closure}()
#10 C:\\Users\\Usuario\\Downloads\\SGN_Monalezza-main\\SGN_Monalezza-main\\vendor\\laravel\\framework\\src\\Illuminate\\Database\\Migrations\\Migrator.php(212): Illuminate\\Database\\Migrations\\Migrator->runMigration(Object(Illuminate\\Database\\Migrations\\Migration@anonymous), 'up')
#11 C:\\Users\\Usuario\\Downloads\\SGN_Monalezza-main\\SGN_Monalezza-main\\vendor\\laravel\\framework\\src\\Illuminate\\Console\\View\\Components\\Task.php(40): Illuminate\\Database\\Migrations\\Migrator->Illuminate\\Database\\Migrations\\{closure}()
#12 C:\\Users\\Usuario\\Downloads\\SGN_Monalezza-main\\SGN_Monalezza-main\\vendor\\laravel\\framework\\src\\Illuminate\\Database\\Migrations\\Migrator.php(736): Illuminate\\Console\\View\\Components\\Task->render('2024_09_15_1713...', Object(Closure))
#13 C:\\Users\\Usuario\\Downloads\\SGN_Monalezza-main\\SGN_Monalezza-main\\vendor\\laravel\\framework\\src\\Illuminate\\Database\\Migrations\\Migrator.php(212): Illuminate\\Database\\Migrations\\Migrator->write('Illuminate\\\\Cons...', '2024_09_15_1713...', Object(Closure))
#14 C:\\Users\\Usuario\\Downloads\\SGN_Monalezza-main\\SGN_Monalezza-main\\vendor\\laravel\\framework\\src\\Illuminate\\Database\\Migrations\\Migrator.php(179): Illuminate\\Database\\Migrations\\Migrator->runUp('C:\\\\Users\\\\Usuari...', 2, false)
#15 C:\\Users\\Usuario\\Downloads\\SGN_Monalezza-main\\SGN_Monalezza-main\\vendor\\laravel\\framework\\src\\Illuminate\\Database\\Migrations\\Migrator.php(122): Illuminate\\Database\\Migrations\\Migrator->runPending(Array, Array)
#16 C:\\Users\\Usuario\\Downloads\\SGN_Monalezza-main\\SGN_Monalezza-main\\vendor\\laravel\\framework\\src\\Illuminate\\Database\\Console\\Migrations\\MigrateCommand.php(116): Illuminate\\Database\\Migrations\\Migrator->run(Array, Array)
#17 C:\\Users\\Usuario\\Downloads\\SGN_Monalezza-main\\SGN_Monalezza-main\\vendor\\laravel\\framework\\src\\Illuminate\\Database\\Migrations\\Migrator.php(615): Illuminate\\Database\\Console\\Migrations\\MigrateCommand->Illuminate\\Database\\Console\\Migrations\\{closure}()
#18 C:\\Users\\Usuario\\Downloads\\SGN_Monalezza-main\\SGN_Monalezza-main\\vendor\\laravel\\framework\\src\\Illuminate\\Database\\Console\\Migrations\\MigrateCommand.php(109): Illuminate\\Database\\Migrations\\Migrator->usingConnection(NULL, Object(Closure))
#19 C:\\Users\\Usuario\\Downloads\\SGN_Monalezza-main\\SGN_Monalezza-main\\vendor\\laravel\\framework\\src\\Illuminate\\Database\\Console\\Migrations\\MigrateCommand.php(88): Illuminate\\Database\\Console\\Migrations\\MigrateCommand->runMigrations()
#20 C:\\Users\\Usuario\\Downloads\\SGN_Monalezza-main\\SGN_Monalezza-main\\vendor\\laravel\\framework\\src\\Illuminate\\Container\\BoundMethod.php(36): Illuminate\\Database\\Console\\Migrations\\MigrateCommand->handle()
#21 C:\\Users\\Usuario\\Downloads\\SGN_Monalezza-main\\SGN_Monalezza-main\\vendor\\laravel\\framework\\src\\Illuminate\\Container\\Util.php(43): Illuminate\\Container\\BoundMethod::Illuminate\\Container\\{closure}()
#22 C:\\Users\\Usuario\\Downloads\\SGN_Monalezza-main\\SGN_Monalezza-main\\vendor\\laravel\\framework\\src\\Illuminate\\Container\\BoundMethod.php(95): Illuminate\\Container\\Util::unwrapIfClosure(Object(Closure))
#23 C:\\Users\\Usuario\\Downloads\\SGN_Monalezza-main\\SGN_Monalezza-main\\vendor\\laravel\\framework\\src\\Illuminate\\Container\\BoundMethod.php(35): Illuminate\\Container\\BoundMethod::callBoundMethod(Object(Illuminate\\Foundation\\Application), Array, Object(Closure))
#24 C:\\Users\\Usuario\\Downloads\\SGN_Monalezza-main\\SGN_Monalezza-main\\vendor\\laravel\\framework\\src\\Illuminate\\Container\\Container.php(690): Illuminate\\Container\\BoundMethod::call(Object(Illuminate\\Foundation\\Application), Array, Array, NULL)
#25 C:\\Users\\Usuario\\Downloads\\SGN_Monalezza-main\\SGN_Monalezza-main\\vendor\\laravel\\framework\\src\\Illuminate\\Console\\Command.php(213): Illuminate\\Container\\Container->call(Array)
#26 C:\\Users\\Usuario\\Downloads\\SGN_Monalezza-main\\SGN_Monalezza-main\\vendor\\symfony\\console\\Command\\Command.php(279): Illuminate\\Console\\Command->execute(Object(Symfony\\Component\\Console\\Input\\ArgvInput), Object(Illuminate\\Console\\OutputStyle))
#27 C:\\Users\\Usuario\\Downloads\\SGN_Monalezza-main\\SGN_Monalezza-main\\vendor\\laravel\\framework\\src\\Illuminate\\Console\\Command.php(182): Symfony\\Component\\Console\\Command\\Command->run(Object(Symfony\\Component\\Console\\Input\\ArgvInput), Object(Illuminate\\Console\\OutputStyle))
#28 C:\\Users\\Usuario\\Downloads\\SGN_Monalezza-main\\SGN_Monalezza-main\\vendor\\symfony\\console\\Application.php(1047): Illuminate\\Console\\Command->run(Object(Symfony\\Component\\Console\\Input\\ArgvInput), Object(Symfony\\Component\\Console\\Output\\ConsoleOutput))
#29 C:\\Users\\Usuario\\Downloads\\SGN_Monalezza-main\\SGN_Monalezza-main\\vendor\\symfony\\console\\Application.php(316): Symfony\\Component\\Console\\Application->doRunCommand(Object(Illuminate\\Database\\Console\\Migrations\\MigrateCommand), Object(Symfony\\Component\\Console\\Input\\ArgvInput), Object(Symfony\\Component\\Console\\Output\\ConsoleOutput))
#30 C:\\Users\\Usuario\\Downloads\\SGN_Monalezza-main\\SGN_Monalezza-main\\vendor\\symfony\\console\\Application.php(167): Symfony\\Component\\Console\\Application->doRun(Object(Symfony\\Component\\Console\\Input\\ArgvInput), Object(Symfony\\Component\\Console\\Output\\ConsoleOutput))
#31 C:\\Users\\Usuario\\Downloads\\SGN_Monalezza-main\\SGN_Monalezza-main\\vendor\\laravel\\framework\\src\\Illuminate\\Foundation\\Console\\Kernel.php(197): Symfony\\Component\\Console\\Application->run(Object(Symfony\\Component\\Console\\Input\\ArgvInput), Object(Symfony\\Component\\Console\\Output\\ConsoleOutput))
#32 C:\\Users\\Usuario\\Downloads\\SGN_Monalezza-main\\SGN_Monalezza-main\\vendor\\laravel\\framework\\src\\Illuminate\\Foundation\\Application.php(1203): Illuminate\\Foundation\\Console\\Kernel->handle(Object(Symfony\\Component\\Console\\Input\\ArgvInput), Object(Symfony\\Component\\Console\\Output\\ConsoleOutput))
#33 C:\\Users\\Usuario\\Downloads\\SGN_Monalezza-main\\SGN_Monalezza-main\\artisan(13): Illuminate\\Foundation\\Application->handleCommand(Object(Symfony\\Component\\Console\\Input\\ArgvInput))
#34 {main}

[previous exception] [object] (PDOException(code: 42S01): SQLSTATE[42S01]: Base table or view already exists: 1050 Table 'ingrediente' already exists at C:\\Users\\Usuario\\Downloads\\SGN_Monalezza-main\\SGN_Monalezza-main\\vendor\\laravel\\framework\\src\\Illuminate\\Database\\Connection.php:571)
[stacktrace]
#0 C:\\Users\\Usuario\\Downloads\\SGN_Monalezza-main\\SGN_Monalezza-main\\vendor\\laravel\\framework\\src\\Illuminate\\Database\\Connection.php(571): PDOStatement->execute()
#1 C:\\Users\\Usuario\\Downloads\\SGN_Monalezza-main\\SGN_Monalezza-main\\vendor\\laravel\\framework\\src\\Illuminate\\Database\\Connection.php(812): Illuminate\\Database\\Connection->Illuminate\\Database\\{closure}('create table `i...', Array)
#2 C:\\Users\\Usuario\\Downloads\\SGN_Monalezza-main\\SGN_Monalezza-main\\vendor\\laravel\\framework\\src\\Illuminate\\Database\\Connection.php(779): Illuminate\\Database\\Connection->runQueryCallback('create table `i...', Array, Object(Closure))
#3 C:\\Users\\Usuario\\Downloads\\SGN_Monalezza-main\\SGN_Monalezza-main\\vendor\\laravel\\framework\\src\\Illuminate\\Database\\Connection.php(560): Illuminate\\Database\\Connection->run('create table `i...', Array, Object(Closure))
#4 C:\\Users\\Usuario\\Downloads\\SGN_Monalezza-main\\SGN_Monalezza-main\\vendor\\laravel\\framework\\src\\Illuminate\\Database\\Schema\\Blueprint.php(117): Illuminate\\Database\\Connection->statement('create table `i...')
#5 C:\\Users\\Usuario\\Downloads\\SGN_Monalezza-main\\SGN_Monalezza-main\\vendor\\laravel\\framework\\src\\Illuminate\\Database\\Schema\\Builder.php(565): Illuminate\\Database\\Schema\\Blueprint->build(Object(Illuminate\\Database\\MySqlConnection), Object(Illuminate\\Database\\Schema\\Grammars\\MySqlGrammar))
#6 C:\\Users\\Usuario\\Downloads\\SGN_Monalezza-main\\SGN_Monalezza-main\\vendor\\laravel\\framework\\src\\Illuminate\\Database\\Schema\\Builder.php(419): Illuminate\\Database\\Schema\\Builder->build(Object(Illuminate\\Database\\Schema\\Blueprint))
#7 C:\\Users\\Usuario\\Downloads\\SGN_Monalezza-main\\SGN_Monalezza-main\\vendor\\laravel\\framework\\src\\Illuminate\\Support\\Facades\\Facade.php(358): Illuminate\\Database\\Schema\\Builder->create('ingrediente', Object(Closure))
#8 C:\\Users\\Usuario\\Downloads\\SGN_Monalezza-main\\SGN_Monalezza-main\\database\\migrations\\2024_09_15_171326_create_ingrediente_table.php(14): Illuminate\\Support\\Facades\\Facade::__callStatic('create', Array)
#9 C:\\Users\\Usuario\\Downloads\\SGN_Monalezza-main\\SGN_Monalezza-main\\vendor\\laravel\\framework\\src\\Illuminate\\Database\\Migrations\\Migrator.php(475): Illuminate\\Database\\Migrations\\Migration@anonymous->up()
#10 C:\\Users\\Usuario\\Downloads\\SGN_Monalezza-main\\SGN_Monalezza-main\\vendor\\laravel\\framework\\src\\Illuminate\\Database\\Migrations\\Migrator.php(400): Illuminate\\Database\\Migrations\\Migrator->runMethod(Object(Illuminate\\Database\\MySqlConnection), Object(Illuminate\\Database\\Migrations\\Migration@anonymous), 'up')
#11 C:\\Users\\Usuario\\Downloads\\SGN_Monalezza-main\\SGN_Monalezza-main\\vendor\\laravel\\framework\\src\\Illuminate\\Database\\Migrations\\Migrator.php(409): Illuminate\\Database\\Migrations\\Migrator->Illuminate\\Database\\Migrations\\{closure}()
#12 C:\\Users\\Usuario\\Downloads\\SGN_Monalezza-main\\SGN_Monalezza-main\\vendor\\laravel\\framework\\src\\Illuminate\\Database\\Migrations\\Migrator.php(212): Illuminate\\Database\\Migrations\\Migrator->runMigration(Object(Illuminate\\Database\\Migrations\\Migration@anonymous), 'up')
#13 C:\\Users\\Usuario\\Downloads\\SGN_Monalezza-main\\SGN_Monalezza-main\\vendor\\laravel\\framework\\src\\Illuminate\\Console\\View\\Components\\Task.php(40): Illuminate\\Database\\Migrations\\Migrator->Illuminate\\Database\\Migrations\\{closure}()
#14 C:\\Users\\Usuario\\Downloads\\SGN_Monalezza-main\\SGN_Monalezza-main\\vendor\\laravel\\framework\\src\\Illuminate\\Database\\Migrations\\Migrator.php(736): Illuminate\\Console\\View\\Components\\Task->render('2024_09_15_1713...', Object(Closure))
#15 C:\\Users\\Usuario\\Downloads\\SGN_Monalezza-main\\SGN_Monalezza-main\\vendor\\laravel\\framework\\src\\Illuminate\\Database\\Migrations\\Migrator.php(212): Illuminate\\Database\\Migrations\\Migrator->write('Illuminate\\\\Cons...', '2024_09_15_1713...', Object(Closure))
#16 C:\\Users\\Usuario\\Downloads\\SGN_Monalezza-main\\SGN_Monalezza-main\\vendor\\laravel\\framework\\src\\Illuminate\\Database\\Migrations\\Migrator.php(179): Illuminate\\Database\\Migrations\\Migrator->runUp('C:\\\\Users\\\\Usuari...', 2, false)
#17 C:\\Users\\Usuario\\Downloads\\SGN_Monalezza-main\\SGN_Monalezza-main\\vendor\\laravel\\framework\\src\\Illuminate\\Database\\Migrations\\Migrator.php(122): Illuminate\\Database\\Migrations\\Migrator->runPending(Array, Array)
#18 C:\\Users\\Usuario\\Downloads\\SGN_Monalezza-main\\SGN_Monalezza-main\\vendor\\laravel\\framework\\src\\Illuminate\\Database\\Console\\Migrations\\MigrateCommand.php(116): Illuminate\\Database\\Migrations\\Migrator->run(Array, Array)
#19 C:\\Users\\Usuario\\Downloads\\SGN_Monalezza-main\\SGN_Monalezza-main\\vendor\\laravel\\framework\\src\\Illuminate\\Database\\Migrations\\Migrator.php(615): Illuminate\\Database\\Console\\Migrations\\MigrateCommand->Illuminate\\Database\\Console\\Migrations\\{closure}()
#20 C:\\Users\\Usuario\\Downloads\\SGN_Monalezza-main\\SGN_Monalezza-main\\vendor\\laravel\\framework\\src\\Illuminate\\Database\\Console\\Migrations\\MigrateCommand.php(109): Illuminate\\Database\\Migrations\\Migrator->usingConnection(NULL, Object(Closure))
#21 C:\\Users\\Usuario\\Downloads\\SGN_Monalezza-main\\SGN_Monalezza-main\\vendor\\laravel\\framework\\src\\Illuminate\\Database\\Console\\Migrations\\MigrateCommand.php(88): Illuminate\\Database\\Console\\Migrations\\MigrateCommand->runMigrations()
#22 C:\\Users\\Usuario\\Downloads\\SGN_Monalezza-main\\SGN_Monalezza-main\\vendor\\laravel\\framework\\src\\Illuminate\\Container\\BoundMethod.php(36): Illuminate\\Database\\Console\\Migrations\\MigrateCommand->handle()
#23 C:\\Users\\Usuario\\Downloads\\SGN_Monalezza-main\\SGN_Monalezza-main\\vendor\\laravel\\framework\\src\\Illuminate\\Container\\Util.php(43): Illuminate\\Container\\BoundMethod::Illuminate\\Container\\{closure}()
#24 C:\\Users\\Usuario\\Downloads\\SGN_Monalezza-main\\SGN_Monalezza-main\\vendor\\laravel\\framework\\src\\Illuminate\\Container\\BoundMethod.php(95): Illuminate\\Container\\Util::unwrapIfClosure(Object(Closure))
#25 C:\\Users\\Usuario\\Downloads\\SGN_Monalezza-main\\SGN_Monalezza-main\\vendor\\laravel\\framework\\src\\Illuminate\\Container\\BoundMethod.php(35): Illuminate\\Container\\BoundMethod::callBoundMethod(Object(Illuminate\\Foundation\\Application), Array, Object(Closure))
#26 C:\\Users\\Usuario\\Downloads\\SGN_Monalezza-main\\SGN_Monalezza-main\\vendor\\laravel\\framework\\src\\Illuminate\\Container\\Container.php(690): Illuminate\\Container\\BoundMethod::call(Object(Illuminate\\Foundation\\Application), Array, Array, NULL)
#27 C:\\Users\\Usuario\\Downloads\\SGN_Monalezza-main\\SGN_Monalezza-main\\vendor\\laravel\\framework\\src\\Illuminate\\Console\\Command.php(213): Illuminate\\Container\\Container->call(Array)
#28 C:\\Users\\Usuario\\Downloads\\SGN_Monalezza-main\\SGN_Monalezza-main\\vendor\\symfony\\console\\Command\\Command.php(279): Illuminate\\Console\\Command->execute(Object(Symfony\\Component\\Console\\Input\\ArgvInput), Object(Illuminate\\Console\\OutputStyle))
#29 C:\\Users\\Usuario\\Downloads\\SGN_Monalezza-main\\SGN_Monalezza-main\\vendor\\laravel\\framework\\src\\Illuminate\\Console\\Command.php(182): Symfony\\Component\\Console\\Command\\Command->run(Object(Symfony\\Component\\Console\\Input\\ArgvInput), Object(Illuminate\\Console\\OutputStyle))
#30 C:\\Users\\Usuario\\Downloads\\SGN_Monalezza-main\\SGN_Monalezza-main\\vendor\\symfony\\console\\Application.php(1047): Illuminate\\Console\\Command->run(Object(Symfony\\Component\\Console\\Input\\ArgvInput), Object(Symfony\\Component\\Console\\Output\\ConsoleOutput))
#31 C:\\Users\\Usuario\\Downloads\\SGN_Monalezza-main\\SGN_Monalezza-main\\vendor\\symfony\\console\\Application.php(316): Symfony\\Component\\Console\\Application->doRunCommand(Object(Illuminate\\Database\\Console\\Migrations\\MigrateCommand), Object(Symfony\\Component\\Console\\Input\\ArgvInput), Object(Symfony\\Component\\Console\\Output\\ConsoleOutput))
#32 C:\\Users\\Usuario\\Downloads\\SGN_Monalezza-main\\SGN_Monalezza-main\\vendor\\symfony\\console\\Application.php(167): Symfony\\Component\\Console\\Application->doRun(Object(Symfony\\Component\\Console\\Input\\ArgvInput), Object(Symfony\\Component\\Console\\Output\\ConsoleOutput))
#33 C:\\Users\\Usuario\\Downloads\\SGN_Monalezza-main\\SGN_Monalezza-main\\vendor\\laravel\\framework\\src\\Illuminate\\Foundation\\Console\\Kernel.php(197): Symfony\\Component\\Console\\Application->run(Object(Symfony\\Component\\Console\\Input\\ArgvInput), Object(Symfony\\Component\\Console\\Output\\ConsoleOutput))
#34 C:\\Users\\Usuario\\Downloads\\SGN_Monalezza-main\\SGN_Monalezza-main\\vendor\\laravel\\framework\\src\\Illuminate\\Foundation\\Application.php(1203): Illuminate\\Foundation\\Console\\Kernel->handle(Object(Symfony\\Component\\Console\\Input\\ArgvInput), Object(Symfony\\Component\\Console\\Output\\ConsoleOutput))
#35 C:\\Users\\Usuario\\Downloads\\SGN_Monalezza-main\\SGN_Monalezza-main\\artisan(13): Illuminate\\Foundation\\Application->handleCommand(Object(Symfony\\Component\\Console\\Input\\ArgvInput))
#36 {main}
"} 
[2025-09-25 18:03:36] local.ERROR: SQLSTATE[HY000]: General error: 1005 Can't create table `sgn_monalezza`.`ingrediente` (errno: 150 "Foreign key constraint is incorrectly formed") (Connection: mysql, SQL: alter table `ingrediente` add constraint `ingrediente_tipo_ingrediente_fk_foreign` foreign key (`tipo_ingrediente_fk`) references `tipo_ingrediente` (`tipo_ingrediente_pk`)) {"exception":"[object] (Illuminate\\Database\\QueryException(code: HY000): SQLSTATE[HY000]: General error: 1005 Can't create table `sgn_monalezza`.`ingrediente` (errno: 150 \"Foreign key constraint is incorrectly formed\") (Connection: mysql, SQL: alter table `ingrediente` add constraint `ingrediente_tipo_ingrediente_fk_foreign` foreign key (`tipo_ingrediente_fk`) references `tipo_ingrediente` (`tipo_ingrediente_pk`)) at C:\\Users\\Usuario\\Downloads\\SGN_Monalezza-main\\SGN_Monalezza-main\\vendor\\laravel\\framework\\src\\Illuminate\\Database\\Connection.php:825)
[stacktrace]
#0 C:\\Users\\Usuario\\Downloads\\SGN_Monalezza-main\\SGN_Monalezza-main\\vendor\\laravel\\framework\\src\\Illuminate\\Database\\Connection.php(779): Illuminate\\Database\\Connection->runQueryCallback('alter table `in...', Array, Object(Closure))
#1 C:\\Users\\Usuario\\Downloads\\SGN_Monalezza-main\\SGN_Monalezza-main\\vendor\\laravel\\framework\\src\\Illuminate\\Database\\Connection.php(560): Illuminate\\Database\\Connection->run('alter table `in...', Array, Object(Closure))
#2 C:\\Users\\Usuario\\Downloads\\SGN_Monalezza-main\\SGN_Monalezza-main\\vendor\\laravel\\framework\\src\\Illuminate\\Database\\Schema\\Blueprint.php(117): Illuminate\\Database\\Connection->statement('alter table `in...')
#3 C:\\Users\\Usuario\\Downloads\\SGN_Monalezza-main\\SGN_Monalezza-main\\vendor\\laravel\\framework\\src\\Illuminate\\Database\\Schema\\Builder.php(565): Illuminate\\Database\\Schema\\Blueprint->build(Object(Illuminate\\Database\\MySqlConnection), Object(Illuminate\\Database\\Schema\\Grammars\\MySqlGrammar))
#4 C:\\Users\\Usuario\\Downloads\\SGN_Monalezza-main\\SGN_Monalezza-main\\vendor\\laravel\\framework\\src\\Illuminate\\Database\\Schema\\Builder.php(419): Illuminate\\Database\\Schema\\Builder->build(Object(Illuminate\\Database\\Schema\\Blueprint))
#5 C:\\Users\\Usuario\\Downloads\\SGN_Monalezza-main\\SGN_Monalezza-main\\vendor\\laravel\\framework\\src\\Illuminate\\Support\\Facades\\Facade.php(358): Illuminate\\Database\\Schema\\Builder->create('ingrediente', Object(Closure))
#6 C:\\Users\\Usuario\\Downloads\\SGN_Monalezza-main\\SGN_Monalezza-main\\database\\migrations\\2024_09_15_171326_create_ingrediente_table.php(14): Illuminate\\Support\\Facades\\Facade::__callStatic('create', Array)
#7 C:\\Users\\Usuario\\Downloads\\SGN_Monalezza-main\\SGN_Monalezza-main\\vendor\\laravel\\framework\\src\\Illuminate\\Database\\Migrations\\Migrator.php(475): Illuminate\\Database\\Migrations\\Migration@anonymous->up()
#8 C:\\Users\\Usuario\\Downloads\\SGN_Monalezza-main\\SGN_Monalezza-main\\vendor\\laravel\\framework\\src\\Illuminate\\Database\\Migrations\\Migrator.php(400): Illuminate\\Database\\Migrations\\Migrator->runMethod(Object(Illuminate\\Database\\MySqlConnection), Object(Illuminate\\Database\\Migrations\\Migration@anonymous), 'up')
#9 C:\\Users\\Usuario\\Downloads\\SGN_Monalezza-main\\SGN_Monalezza-main\\vendor\\laravel\\framework\\src\\Illuminate\\Database\\Migrations\\Migrator.php(409): Illuminate\\Database\\Migrations\\Migrator->Illuminate\\Database\\Migrations\\{closure}()
#10 C:\\Users\\Usuario\\Downloads\\SGN_Monalezza-main\\SGN_Monalezza-main\\vendor\\laravel\\framework\\src\\Illuminate\\Database\\Migrations\\Migrator.php(212): Illuminate\\Database\\Migrations\\Migrator->runMigration(Object(Illuminate\\Database\\Migrations\\Migration@anonymous), 'up')
#11 C:\\Users\\Usuario\\Downloads\\SGN_Monalezza-main\\SGN_Monalezza-main\\vendor\\laravel\\framework\\src\\Illuminate\\Console\\View\\Components\\Task.php(40): Illuminate\\Database\\Migrations\\Migrator->Illuminate\\Database\\Migrations\\{closure}()
#12 C:\\Users\\Usuario\\Downloads\\SGN_Monalezza-main\\SGN_Monalezza-main\\vendor\\laravel\\framework\\src\\Illuminate\\Database\\Migrations\\Migrator.php(736): Illuminate\\Console\\View\\Components\\Task->render('2024_09_15_1713...', Object(Closure))
#13 C:\\Users\\Usuario\\Downloads\\SGN_Monalezza-main\\SGN_Monalezza-main\\vendor\\laravel\\framework\\src\\Illuminate\\Database\\Migrations\\Migrator.php(212): Illuminate\\Database\\Migrations\\Migrator->write('Illuminate\\\\Cons...', '2024_09_15_1713...', Object(Closure))
#14 C:\\Users\\Usuario\\Downloads\\SGN_Monalezza-main\\SGN_Monalezza-main\\vendor\\laravel\\framework\\src\\Illuminate\\Database\\Migrations\\Migrator.php(179): Illuminate\\Database\\Migrations\\Migrator->runUp('C:\\\\Users\\\\Usuari...', 1, false)
#15 C:\\Users\\Usuario\\Downloads\\SGN_Monalezza-main\\SGN_Monalezza-main\\vendor\\laravel\\framework\\src\\Illuminate\\Database\\Migrations\\Migrator.php(122): Illuminate\\Database\\Migrations\\Migrator->runPending(Array, Array)
#16 C:\\Users\\Usuario\\Downloads\\SGN_Monalezza-main\\SGN_Monalezza-main\\vendor\\laravel\\framework\\src\\Illuminate\\Database\\Console\\Migrations\\MigrateCommand.php(116): Illuminate\\Database\\Migrations\\Migrator->run(Array, Array)
#17 C:\\Users\\Usuario\\Downloads\\SGN_Monalezza-main\\SGN_Monalezza-main\\vendor\\laravel\\framework\\src\\Illuminate\\Database\\Migrations\\Migrator.php(615): Illuminate\\Database\\Console\\Migrations\\MigrateCommand->Illuminate\\Database\\Console\\Migrations\\{closure}()
#18 C:\\Users\\Usuario\\Downloads\\SGN_Monalezza-main\\SGN_Monalezza-main\\vendor\\laravel\\framework\\src\\Illuminate\\Database\\Console\\Migrations\\MigrateCommand.php(109): Illuminate\\Database\\Migrations\\Migrator->usingConnection(NULL, Object(Closure))
#19 C:\\Users\\Usuario\\Downloads\\SGN_Monalezza-main\\SGN_Monalezza-main\\vendor\\laravel\\framework\\src\\Illuminate\\Database\\Console\\Migrations\\MigrateCommand.php(88): Illuminate\\Database\\Console\\Migrations\\MigrateCommand->runMigrations()
#20 C:\\Users\\Usuario\\Downloads\\SGN_Monalezza-main\\SGN_Monalezza-main\\vendor\\laravel\\framework\\src\\Illuminate\\Container\\BoundMethod.php(36): Illuminate\\Database\\Console\\Migrations\\MigrateCommand->handle()
#21 C:\\Users\\Usuario\\Downloads\\SGN_Monalezza-main\\SGN_Monalezza-main\\vendor\\laravel\\framework\\src\\Illuminate\\Container\\Util.php(43): Illuminate\\Container\\BoundMethod::Illuminate\\Container\\{closure}()
#22 C:\\Users\\Usuario\\Downloads\\SGN_Monalezza-main\\SGN_Monalezza-main\\vendor\\laravel\\framework\\src\\Illuminate\\Container\\BoundMethod.php(95): Illuminate\\Container\\Util::unwrapIfClosure(Object(Closure))
#23 C:\\Users\\Usuario\\Downloads\\SGN_Monalezza-main\\SGN_Monalezza-main\\vendor\\laravel\\framework\\src\\Illuminate\\Container\\BoundMethod.php(35): Illuminate\\Container\\BoundMethod::callBoundMethod(Object(Illuminate\\Foundation\\Application), Array, Object(Closure))
#24 C:\\Users\\Usuario\\Downloads\\SGN_Monalezza-main\\SGN_Monalezza-main\\vendor\\laravel\\framework\\src\\Illuminate\\Container\\Container.php(690): Illuminate\\Container\\BoundMethod::call(Object(Illuminate\\Foundation\\Application), Array, Array, NULL)
#25 C:\\Users\\Usuario\\Downloads\\SGN_Monalezza-main\\SGN_Monalezza-main\\vendor\\laravel\\framework\\src\\Illuminate\\Console\\Command.php(213): Illuminate\\Container\\Container->call(Array)
#26 C:\\Users\\Usuario\\Downloads\\SGN_Monalezza-main\\SGN_Monalezza-main\\vendor\\symfony\\console\\Command\\Command.php(279): Illuminate\\Console\\Command->execute(Object(Symfony\\Component\\Console\\Input\\ArrayInput), Object(Illuminate\\Console\\OutputStyle))
#27 C:\\Users\\Usuario\\Downloads\\SGN_Monalezza-main\\SGN_Monalezza-main\\vendor\\laravel\\framework\\src\\Illuminate\\Console\\Command.php(182): Symfony\\Component\\Console\\Command\\Command->run(Object(Symfony\\Component\\Console\\Input\\ArrayInput), Object(Illuminate\\Console\\OutputStyle))
#28 C:\\Users\\Usuario\\Downloads\\SGN_Monalezza-main\\SGN_Monalezza-main\\vendor\\laravel\\framework\\src\\Illuminate\\Console\\Concerns\\CallsCommands.php(67): Illuminate\\Console\\Command->run(Object(Symfony\\Component\\Console\\Input\\ArrayInput), Object(Illuminate\\Console\\OutputStyle))
#29 C:\\Users\\Usuario\\Downloads\\SGN_Monalezza-main\\SGN_Monalezza-main\\vendor\\laravel\\framework\\src\\Illuminate\\Console\\Concerns\\CallsCommands.php(28): Illuminate\\Console\\Command->runCommand('migrate', Array, Object(Illuminate\\Console\\OutputStyle))
#30 C:\\Users\\Usuario\\Downloads\\SGN_Monalezza-main\\SGN_Monalezza-main\\vendor\\laravel\\framework\\src\\Illuminate\\Database\\Console\\Migrations\\FreshCommand.php(82): Illuminate\\Console\\Command->call('migrate', Array)
#31 C:\\Users\\Usuario\\Downloads\\SGN_Monalezza-main\\SGN_Monalezza-main\\vendor\\laravel\\framework\\src\\Illuminate\\Container\\BoundMethod.php(36): Illuminate\\Database\\Console\\Migrations\\FreshCommand->handle()
#32 C:\\Users\\Usuario\\Downloads\\SGN_Monalezza-main\\SGN_Monalezza-main\\vendor\\laravel\\framework\\src\\Illuminate\\Container\\Util.php(43): Illuminate\\Container\\BoundMethod::Illuminate\\Container\\{closure}()
#33 C:\\Users\\Usuario\\Downloads\\SGN_Monalezza-main\\SGN_Monalezza-main\\vendor\\laravel\\framework\\src\\Illuminate\\Container\\BoundMethod.php(95): Illuminate\\Container\\Util::unwrapIfClosure(Object(Closure))
#34 C:\\Users\\Usuario\\Downloads\\SGN_Monalezza-main\\SGN_Monalezza-main\\vendor\\laravel\\framework\\src\\Illuminate\\Container\\BoundMethod.php(35): Illuminate\\Container\\BoundMethod::callBoundMethod(Object(Illuminate\\Foundation\\Application), Array, Object(Closure))
#35 C:\\Users\\Usuario\\Downloads\\SGN_Monalezza-main\\SGN_Monalezza-main\\vendor\\laravel\\framework\\src\\Illuminate\\Container\\Container.php(690): Illuminate\\Container\\BoundMethod::call(Object(Illuminate\\Foundation\\Application), Array, Array, NULL)
#36 C:\\Users\\Usuario\\Downloads\\SGN_Monalezza-main\\SGN_Monalezza-main\\vendor\\laravel\\framework\\src\\Illuminate\\Console\\Command.php(213): Illuminate\\Container\\Container->call(Array)
#37 C:\\Users\\Usuario\\Downloads\\SGN_Monalezza-main\\SGN_Monalezza-main\\vendor\\symfony\\console\\Command\\Command.php(279): Illuminate\\Console\\Command->execute(Object(Symfony\\Component\\Console\\Input\\ArgvInput), Object(Illuminate\\Console\\OutputStyle))
#38 C:\\Users\\Usuario\\Downloads\\SGN_Monalezza-main\\SGN_Monalezza-main\\vendor\\laravel\\framework\\src\\Illuminate\\Console\\Command.php(182): Symfony\\Component\\Console\\Command\\Command->run(Object(Symfony\\Component\\Console\\Input\\ArgvInput), Object(Illuminate\\Console\\OutputStyle))
#39 C:\\Users\\Usuario\\Downloads\\SGN_Monalezza-main\\SGN_Monalezza-main\\vendor\\symfony\\console\\Application.php(1047): Illuminate\\Console\\Command->run(Object(Symfony\\Component\\Console\\Input\\ArgvInput), Object(Symfony\\Component\\Console\\Output\\ConsoleOutput))
#40 C:\\Users\\Usuario\\Downloads\\SGN_Monalezza-main\\SGN_Monalezza-main\\vendor\\symfony\\console\\Application.php(316): Symfony\\Component\\Console\\Application->doRunCommand(Object(Illuminate\\Database\\Console\\Migrations\\FreshCommand), Object(Symfony\\Component\\Console\\Input\\ArgvInput), Object(Symfony\\Component\\Console\\Output\\ConsoleOutput))
#41 C:\\Users\\Usuario\\Downloads\\SGN_Monalezza-main\\SGN_Monalezza-main\\vendor\\symfony\\console\\Application.php(167): Symfony\\Component\\Console\\Application->doRun(Object(Symfony\\Component\\Console\\Input\\ArgvInput), Object(Symfony\\Component\\Console\\Output\\ConsoleOutput))
#42 C:\\Users\\Usuario\\Downloads\\SGN_Monalezza-main\\SGN_Monalezza-main\\vendor\\laravel\\framework\\src\\Illuminate\\Foundation\\Console\\Kernel.php(197): Symfony\\Component\\Console\\Application->run(Object(Symfony\\Component\\Console\\Input\\ArgvInput), Object(Symfony\\Component\\Console\\Output\\ConsoleOutput))
#43 C:\\Users\\Usuario\\Downloads\\SGN_Monalezza-main\\SGN_Monalezza-main\\vendor\\laravel\\framework\\src\\Illuminate\\Foundation\\Application.php(1203): Illuminate\\Foundation\\Console\\Kernel->handle(Object(Symfony\\Component\\Console\\Input\\ArgvInput), Object(Symfony\\Component\\Console\\Output\\ConsoleOutput))
#44 C:\\Users\\Usuario\\Downloads\\SGN_Monalezza-main\\SGN_Monalezza-main\\artisan(13): Illuminate\\Foundation\\Application->handleCommand(Object(Symfony\\Component\\Console\\Input\\ArgvInput))
#45 {main}

[previous exception] [object] (PDOException(code: HY000): SQLSTATE[HY000]: General error: 1005 Can't create table `sgn_monalezza`.`ingrediente` (errno: 150 \"Foreign key constraint is incorrectly formed\") at C:\\Users\\Usuario\\Downloads\\SGN_Monalezza-main\\SGN_Monalezza-main\\vendor\\laravel\\framework\\src\\Illuminate\\Database\\Connection.php:571)
[stacktrace]
#0 C:\\Users\\Usuario\\Downloads\\SGN_Monalezza-main\\SGN_Monalezza-main\\vendor\\laravel\\framework\\src\\Illuminate\\Database\\Connection.php(571): PDOStatement->execute()
#1 C:\\Users\\Usuario\\Downloads\\SGN_Monalezza-main\\SGN_Monalezza-main\\vendor\\laravel\\framework\\src\\Illuminate\\Database\\Connection.php(812): Illuminate\\Database\\Connection->Illuminate\\Database\\{closure}('alter table `in...', Array)
#2 C:\\Users\\Usuario\\Downloads\\SGN_Monalezza-main\\SGN_Monalezza-main\\vendor\\laravel\\framework\\src\\Illuminate\\Database\\Connection.php(779): Illuminate\\Database\\Connection->runQueryCallback('alter table `in...', Array, Object(Closure))
#3 C:\\Users\\Usuario\\Downloads\\SGN_Monalezza-main\\SGN_Monalezza-main\\vendor\\laravel\\framework\\src\\Illuminate\\Database\\Connection.php(560): Illuminate\\Database\\Connection->run('alter table `in...', Array, Object(Closure))
#4 C:\\Users\\Usuario\\Downloads\\SGN_Monalezza-main\\SGN_Monalezza-main\\vendor\\laravel\\framework\\src\\Illuminate\\Database\\Schema\\Blueprint.php(117): Illuminate\\Database\\Connection->statement('alter table `in...')
#5 C:\\Users\\Usuario\\Downloads\\SGN_Monalezza-main\\SGN_Monalezza-main\\vendor\\laravel\\framework\\src\\Illuminate\\Database\\Schema\\Builder.php(565): Illuminate\\Database\\Schema\\Blueprint->build(Object(Illuminate\\Database\\MySqlConnection), Object(Illuminate\\Database\\Schema\\Grammars\\MySqlGrammar))
#6 C:\\Users\\Usuario\\Downloads\\SGN_Monalezza-main\\SGN_Monalezza-main\\vendor\\laravel\\framework\\src\\Illuminate\\Database\\Schema\\Builder.php(419): Illuminate\\Database\\Schema\\Builder->build(Object(Illuminate\\Database\\Schema\\Blueprint))
#7 C:\\Users\\Usuario\\Downloads\\SGN_Monalezza-main\\SGN_Monalezza-main\\vendor\\laravel\\framework\\src\\Illuminate\\Support\\Facades\\Facade.php(358): Illuminate\\Database\\Schema\\Builder->create('ingrediente', Object(Closure))
#8 C:\\Users\\Usuario\\Downloads\\SGN_Monalezza-main\\SGN_Monalezza-main\\database\\migrations\\2024_09_15_171326_create_ingrediente_table.php(14): Illuminate\\Support\\Facades\\Facade::__callStatic('create', Array)
#9 C:\\Users\\Usuario\\Downloads\\SGN_Monalezza-main\\SGN_Monalezza-main\\vendor\\laravel\\framework\\src\\Illuminate\\Database\\Migrations\\Migrator.php(475): Illuminate\\Database\\Migrations\\Migration@anonymous->up()
#10 C:\\Users\\Usuario\\Downloads\\SGN_Monalezza-main\\SGN_Monalezza-main\\vendor\\laravel\\framework\\src\\Illuminate\\Database\\Migrations\\Migrator.php(400): Illuminate\\Database\\Migrations\\Migrator->runMethod(Object(Illuminate\\Database\\MySqlConnection), Object(Illuminate\\Database\\Migrations\\Migration@anonymous), 'up')
#11 C:\\Users\\Usuario\\Downloads\\SGN_Monalezza-main\\SGN_Monalezza-main\\vendor\\laravel\\framework\\src\\Illuminate\\Database\\Migrations\\Migrator.php(409): Illuminate\\Database\\Migrations\\Migrator->Illuminate\\Database\\Migrations\\{closure}()
#12 C:\\Users\\Usuario\\Downloads\\SGN_Monalezza-main\\SGN_Monalezza-main\\vendor\\laravel\\framework\\src\\Illuminate\\Database\\Migrations\\Migrator.php(212): Illuminate\\Database\\Migrations\\Migrator->runMigration(Object(Illuminate\\Database\\Migrations\\Migration@anonymous), 'up')
#13 C:\\Users\\Usuario\\Downloads\\SGN_Monalezza-main\\SGN_Monalezza-main\\vendor\\laravel\\framework\\src\\Illuminate\\Console\\View\\Components\\Task.php(40): Illuminate\\Database\\Migrations\\Migrator->Illuminate\\Database\\Migrations\\{closure}()
#14 C:\\Users\\Usuario\\Downloads\\SGN_Monalezza-main\\SGN_Monalezza-main\\vendor\\laravel\\framework\\src\\Illuminate\\Database\\Migrations\\Migrator.php(736): Illuminate\\Console\\View\\Components\\Task->render('2024_09_15_1713...', Object(Closure))
#15 C:\\Users\\Usuario\\Downloads\\SGN_Monalezza-main\\SGN_Monalezza-main\\vendor\\laravel\\framework\\src\\Illuminate\\Database\\Migrations\\Migrator.php(212): Illuminate\\Database\\Migrations\\Migrator->write('Illuminate\\\\Cons...', '2024_09_15_1713...', Object(Closure))
#16 C:\\Users\\Usuario\\Downloads\\SGN_Monalezza-main\\SGN_Monalezza-main\\vendor\\laravel\\framework\\src\\Illuminate\\Database\\Migrations\\Migrator.php(179): Illuminate\\Database\\Migrations\\Migrator->runUp('C:\\\\Users\\\\Usuari...', 1, false)
#17 C:\\Users\\Usuario\\Downloads\\SGN_Monalezza-main\\SGN_Monalezza-main\\vendor\\laravel\\framework\\src\\Illuminate\\Database\\Migrations\\Migrator.php(122): Illuminate\\Database\\Migrations\\Migrator->runPending(Array, Array)
#18 C:\\Users\\Usuario\\Downloads\\SGN_Monalezza-main\\SGN_Monalezza-main\\vendor\\laravel\\framework\\src\\Illuminate\\Database\\Console\\Migrations\\MigrateCommand.php(116): Illuminate\\Database\\Migrations\\Migrator->run(Array, Array)
#19 C:\\Users\\Usuario\\Downloads\\SGN_Monalezza-main\\SGN_Monalezza-main\\vendor\\laravel\\framework\\src\\Illuminate\\Database\\Migrations\\Migrator.php(615): Illuminate\\Database\\Console\\Migrations\\MigrateCommand->Illuminate\\Database\\Console\\Migrations\\{closure}()
#20 C:\\Users\\Usuario\\Downloads\\SGN_Monalezza-main\\SGN_Monalezza-main\\vendor\\laravel\\framework\\src\\Illuminate\\Database\\Console\\Migrations\\MigrateCommand.php(109): Illuminate\\Database\\Migrations\\Migrator->usingConnection(NULL, Object(Closure))
#21 C:\\Users\\Usuario\\Downloads\\SGN_Monalezza-main\\SGN_Monalezza-main\\vendor\\laravel\\framework\\src\\Illuminate\\Database\\Console\\Migrations\\MigrateCommand.php(88): Illuminate\\Database\\Console\\Migrations\\MigrateCommand->runMigrations()
#22 C:\\Users\\Usuario\\Downloads\\SGN_Monalezza-main\\SGN_Monalezza-main\\vendor\\laravel\\framework\\src\\Illuminate\\Container\\BoundMethod.php(36): Illuminate\\Database\\Console\\Migrations\\MigrateCommand->handle()
#23 C:\\Users\\Usuario\\Downloads\\SGN_Monalezza-main\\SGN_Monalezza-main\\vendor\\laravel\\framework\\src\\Illuminate\\Container\\Util.php(43): Illuminate\\Container\\BoundMethod::Illuminate\\Container\\{closure}()
#24 C:\\Users\\Usuario\\Downloads\\SGN_Monalezza-main\\SGN_Monalezza-main\\vendor\\laravel\\framework\\src\\Illuminate\\Container\\BoundMethod.php(95): Illuminate\\Container\\Util::unwrapIfClosure(Object(Closure))
#25 C:\\Users\\Usuario\\Downloads\\SGN_Monalezza-main\\SGN_Monalezza-main\\vendor\\laravel\\framework\\src\\Illuminate\\Container\\BoundMethod.php(35): Illuminate\\Container\\BoundMethod::callBoundMethod(Object(Illuminate\\Foundation\\Application), Array, Object(Closure))
#26 C:\\Users\\Usuario\\Downloads\\SGN_Monalezza-main\\SGN_Monalezza-main\\vendor\\laravel\\framework\\src\\Illuminate\\Container\\Container.php(690): Illuminate\\Container\\BoundMethod::call(Object(Illuminate\\Foundation\\Application), Array, Array, NULL)
#27 C:\\Users\\Usuario\\Downloads\\SGN_Monalezza-main\\SGN_Monalezza-main\\vendor\\laravel\\framework\\src\\Illuminate\\Console\\Command.php(213): Illuminate\\Container\\Container->call(Array)
#28 C:\\Users\\Usuario\\Downloads\\SGN_Monalezza-main\\SGN_Monalezza-main\\vendor\\symfony\\console\\Command\\Command.php(279): Illuminate\\Console\\Command->execute(Object(Symfony\\Component\\Console\\Input\\ArrayInput), Object(Illuminate\\Console\\OutputStyle))
#29 C:\\Users\\Usuario\\Downloads\\SGN_Monalezza-main\\SGN_Monalezza-main\\vendor\\laravel\\framework\\src\\Illuminate\\Console\\Command.php(182): Symfony\\Component\\Console\\Command\\Command->run(Object(Symfony\\Component\\Console\\Input\\ArrayInput), Object(Illuminate\\Console\\OutputStyle))
#30 C:\\Users\\Usuario\\Downloads\\SGN_Monalezza-main\\SGN_Monalezza-main\\vendor\\laravel\\framework\\src\\Illuminate\\Console\\Concerns\\CallsCommands.php(67): Illuminate\\Console\\Command->run(Object(Symfony\\Component\\Console\\Input\\ArrayInput), Object(Illuminate\\Console\\OutputStyle))
#31 C:\\Users\\Usuario\\Downloads\\SGN_Monalezza-main\\SGN_Monalezza-main\\vendor\\laravel\\framework\\src\\Illuminate\\Console\\Concerns\\CallsCommands.php(28): Illuminate\\Console\\Command->runCommand('migrate', Array, Object(Illuminate\\Console\\OutputStyle))
#32 C:\\Users\\Usuario\\Downloads\\SGN_Monalezza-main\\SGN_Monalezza-main\\vendor\\laravel\\framework\\src\\Illuminate\\Database\\Console\\Migrations\\FreshCommand.php(82): Illuminate\\Console\\Command->call('migrate', Array)
#33 C:\\Users\\Usuario\\Downloads\\SGN_Monalezza-main\\SGN_Monalezza-main\\vendor\\laravel\\framework\\src\\Illuminate\\Container\\BoundMethod.php(36): Illuminate\\Database\\Console\\Migrations\\FreshCommand->handle()
#34 C:\\Users\\Usuario\\Downloads\\SGN_Monalezza-main\\SGN_Monalezza-main\\vendor\\laravel\\framework\\src\\Illuminate\\Container\\Util.php(43): Illuminate\\Container\\BoundMethod::Illuminate\\Container\\{closure}()
#35 C:\\Users\\Usuario\\Downloads\\SGN_Monalezza-main\\SGN_Monalezza-main\\vendor\\laravel\\framework\\src\\Illuminate\\Container\\BoundMethod.php(95): Illuminate\\Container\\Util::unwrapIfClosure(Object(Closure))
#36 C:\\Users\\Usuario\\Downloads\\SGN_Monalezza-main\\SGN_Monalezza-main\\vendor\\laravel\\framework\\src\\Illuminate\\Container\\BoundMethod.php(35): Illuminate\\Container\\BoundMethod::callBoundMethod(Object(Illuminate\\Foundation\\Application), Array, Object(Closure))
#37 C:\\Users\\Usuario\\Downloads\\SGN_Monalezza-main\\SGN_Monalezza-main\\vendor\\laravel\\framework\\src\\Illuminate\\Container\\Container.php(690): Illuminate\\Container\\BoundMethod::call(Object(Illuminate\\Foundation\\Application), Array, Array, NULL)
#38 C:\\Users\\Usuario\\Downloads\\SGN_Monalezza-main\\SGN_Monalezza-main\\vendor\\laravel\\framework\\src\\Illuminate\\Console\\Command.php(213): Illuminate\\Container\\Container->call(Array)
#39 C:\\Users\\Usuario\\Downloads\\SGN_Monalezza-main\\SGN_Monalezza-main\\vendor\\symfony\\console\\Command\\Command.php(279): Illuminate\\Console\\Command->execute(Object(Symfony\\Component\\Console\\Input\\ArgvInput), Object(Illuminate\\Console\\OutputStyle))
#40 C:\\Users\\Usuario\\Downloads\\SGN_Monalezza-main\\SGN_Monalezza-main\\vendor\\laravel\\framework\\src\\Illuminate\\Console\\Command.php(182): Symfony\\Component\\Console\\Command\\Command->run(Object(Symfony\\Component\\Console\\Input\\ArgvInput), Object(Illuminate\\Console\\OutputStyle))
#41 C:\\Users\\Usuario\\Downloads\\SGN_Monalezza-main\\SGN_Monalezza-main\\vendor\\symfony\\console\\Application.php(1047): Illuminate\\Console\\Command->run(Object(Symfony\\Component\\Console\\Input\\ArgvInput), Object(Symfony\\Component\\Console\\Output\\ConsoleOutput))
#42 C:\\Users\\Usuario\\Downloads\\SGN_Monalezza-main\\SGN_Monalezza-main\\vendor\\symfony\\console\\Application.php(316): Symfony\\Component\\Console\\Application->doRunCommand(Object(Illuminate\\Database\\Console\\Migrations\\FreshCommand), Object(Symfony\\Component\\Console\\Input\\ArgvInput), Object(Symfony\\Component\\Console\\Output\\ConsoleOutput))
#43 C:\\Users\\Usuario\\Downloads\\SGN_Monalezza-main\\SGN_Monalezza-main\\vendor\\symfony\\console\\Application.php(167): Symfony\\Component\\Console\\Application->doRun(Object(Symfony\\Component\\Console\\Input\\ArgvInput), Object(Symfony\\Component\\Console\\Output\\ConsoleOutput))
#44 C:\\Users\\Usuario\\Downloads\\SGN_Monalezza-main\\SGN_Monalezza-main\\vendor\\laravel\\framework\\src\\Illuminate\\Foundation\\Console\\Kernel.php(197): Symfony\\Component\\Console\\Application->run(Object(Symfony\\Component\\Console\\Input\\ArgvInput), Object(Symfony\\Component\\Console\\Output\\ConsoleOutput))
#45 C:\\Users\\Usuario\\Downloads\\SGN_Monalezza-main\\SGN_Monalezza-main\\vendor\\laravel\\framework\\src\\Illuminate\\Foundation\\Application.php(1203): Illuminate\\Foundation\\Console\\Kernel->handle(Object(Symfony\\Component\\Console\\Input\\ArgvInput), Object(Symfony\\Component\\Console\\Output\\ConsoleOutput))
#46 C:\\Users\\Usuario\\Downloads\\SGN_Monalezza-main\\SGN_Monalezza-main\\artisan(13): Illuminate\\Foundation\\Application->handleCommand(Object(Symfony\\Component\\Console\\Input\\ArgvInput))
#47 {main}
"} 
[2025-09-25 18:04:23] local.ERROR: SQLSTATE[42S01]: Base table or view already exists: 1050 Table 'detalle_efectivo' already exists (Connection: mysql, SQL: create table `detalle_efectivo` (`detalle_efectivo_pk` bigint unsigned not null auto_increment primary key, `fecha_actual` datetime not null, `efectivo_inicial` decimal(8, 2) not null) default character set utf8mb4 collate 'utf8mb4_unicode_ci') {"exception":"[object] (Illuminate\\Database\\QueryException(code: 42S01): SQLSTATE[42S01]: Base table or view already exists: 1050 Table 'detalle_efectivo' already exists (Connection: mysql, SQL: create table `detalle_efectivo` (`detalle_efectivo_pk` bigint unsigned not null auto_increment primary key, `fecha_actual` datetime not null, `efectivo_inicial` decimal(8, 2) not null) default character set utf8mb4 collate 'utf8mb4_unicode_ci') at C:\\Users\\Usuario\\Downloads\\SGN_Monalezza-main\\SGN_Monalezza-main\\vendor\\laravel\\framework\\src\\Illuminate\\Database\\Connection.php:825)
[stacktrace]
#0 C:\\Users\\Usuario\\Downloads\\SGN_Monalezza-main\\SGN_Monalezza-main\\vendor\\laravel\\framework\\src\\Illuminate\\Database\\Connection.php(779): Illuminate\\Database\\Connection->runQueryCallback('create table `d...', Array, Object(Closure))
#1 C:\\Users\\Usuario\\Downloads\\SGN_Monalezza-main\\SGN_Monalezza-main\\vendor\\laravel\\framework\\src\\Illuminate\\Database\\Connection.php(560): Illuminate\\Database\\Connection->run('create table `d...', Array, Object(Closure))
#2 C:\\Users\\Usuario\\Downloads\\SGN_Monalezza-main\\SGN_Monalezza-main\\vendor\\laravel\\framework\\src\\Illuminate\\Database\\Schema\\Blueprint.php(117): Illuminate\\Database\\Connection->statement('create table `d...')
#3 C:\\Users\\Usuario\\Downloads\\SGN_Monalezza-main\\SGN_Monalezza-main\\vendor\\laravel\\framework\\src\\Illuminate\\Database\\Schema\\Builder.php(565): Illuminate\\Database\\Schema\\Blueprint->build(Object(Illuminate\\Database\\MySqlConnection), Object(Illuminate\\Database\\Schema\\Grammars\\MySqlGrammar))
#4 C:\\Users\\Usuario\\Downloads\\SGN_Monalezza-main\\SGN_Monalezza-main\\vendor\\laravel\\framework\\src\\Illuminate\\Database\\Schema\\Builder.php(419): Illuminate\\Database\\Schema\\Builder->build(Object(Illuminate\\Database\\Schema\\Blueprint))
#5 C:\\Users\\Usuario\\Downloads\\SGN_Monalezza-main\\SGN_Monalezza-main\\vendor\\laravel\\framework\\src\\Illuminate\\Support\\Facades\\Facade.php(358): Illuminate\\Database\\Schema\\Builder->create('detalle_efectiv...', Object(Closure))
#6 C:\\Users\\Usuario\\Downloads\\SGN_Monalezza-main\\SGN_Monalezza-main\\database\\migrations\\2025_07_14_115555_create_detalle_efectivo_table.php(14): Illuminate\\Support\\Facades\\Facade::__callStatic('create', Array)
#7 C:\\Users\\Usuario\\Downloads\\SGN_Monalezza-main\\SGN_Monalezza-main\\vendor\\laravel\\framework\\src\\Illuminate\\Database\\Migrations\\Migrator.php(475): Illuminate\\Database\\Migrations\\Migration@anonymous->up()
#8 C:\\Users\\Usuario\\Downloads\\SGN_Monalezza-main\\SGN_Monalezza-main\\vendor\\laravel\\framework\\src\\Illuminate\\Database\\Migrations\\Migrator.php(400): Illuminate\\Database\\Migrations\\Migrator->runMethod(Object(Illuminate\\Database\\MySqlConnection), Object(Illuminate\\Database\\Migrations\\Migration@anonymous), 'up')
#9 C:\\Users\\Usuario\\Downloads\\SGN_Monalezza-main\\SGN_Monalezza-main\\vendor\\laravel\\framework\\src\\Illuminate\\Database\\Migrations\\Migrator.php(409): Illuminate\\Database\\Migrations\\Migrator->Illuminate\\Database\\Migrations\\{closure}()
#10 C:\\Users\\Usuario\\Downloads\\SGN_Monalezza-main\\SGN_Monalezza-main\\vendor\\laravel\\framework\\src\\Illuminate\\Database\\Migrations\\Migrator.php(212): Illuminate\\Database\\Migrations\\Migrator->runMigration(Object(Illuminate\\Database\\Migrations\\Migration@anonymous), 'up')
#11 C:\\Users\\Usuario\\Downloads\\SGN_Monalezza-main\\SGN_Monalezza-main\\vendor\\laravel\\framework\\src\\Illuminate\\Console\\View\\Components\\Task.php(40): Illuminate\\Database\\Migrations\\Migrator->Illuminate\\Database\\Migrations\\{closure}()
#12 C:\\Users\\Usuario\\Downloads\\SGN_Monalezza-main\\SGN_Monalezza-main\\vendor\\laravel\\framework\\src\\Illuminate\\Database\\Migrations\\Migrator.php(736): Illuminate\\Console\\View\\Components\\Task->render('2025_07_14_1155...', Object(Closure))
#13 C:\\Users\\Usuario\\Downloads\\SGN_Monalezza-main\\SGN_Monalezza-main\\vendor\\laravel\\framework\\src\\Illuminate\\Database\\Migrations\\Migrator.php(212): Illuminate\\Database\\Migrations\\Migrator->write('Illuminate\\\\Cons...', '2025_07_14_1155...', Object(Closure))
#14 C:\\Users\\Usuario\\Downloads\\SGN_Monalezza-main\\SGN_Monalezza-main\\vendor\\laravel\\framework\\src\\Illuminate\\Database\\Migrations\\Migrator.php(179): Illuminate\\Database\\Migrations\\Migrator->runUp('C:\\\\Users\\\\Usuari...', 1, false)
#15 C:\\Users\\Usuario\\Downloads\\SGN_Monalezza-main\\SGN_Monalezza-main\\vendor\\laravel\\framework\\src\\Illuminate\\Database\\Migrations\\Migrator.php(122): Illuminate\\Database\\Migrations\\Migrator->runPending(Array, Array)
#16 C:\\Users\\Usuario\\Downloads\\SGN_Monalezza-main\\SGN_Monalezza-main\\vendor\\laravel\\framework\\src\\Illuminate\\Database\\Console\\Migrations\\MigrateCommand.php(116): Illuminate\\Database\\Migrations\\Migrator->run(Array, Array)
#17 C:\\Users\\Usuario\\Downloads\\SGN_Monalezza-main\\SGN_Monalezza-main\\vendor\\laravel\\framework\\src\\Illuminate\\Database\\Migrations\\Migrator.php(615): Illuminate\\Database\\Console\\Migrations\\MigrateCommand->Illuminate\\Database\\Console\\Migrations\\{closure}()
#18 C:\\Users\\Usuario\\Downloads\\SGN_Monalezza-main\\SGN_Monalezza-main\\vendor\\laravel\\framework\\src\\Illuminate\\Database\\Console\\Migrations\\MigrateCommand.php(109): Illuminate\\Database\\Migrations\\Migrator->usingConnection(NULL, Object(Closure))
#19 C:\\Users\\Usuario\\Downloads\\SGN_Monalezza-main\\SGN_Monalezza-main\\vendor\\laravel\\framework\\src\\Illuminate\\Database\\Console\\Migrations\\MigrateCommand.php(88): Illuminate\\Database\\Console\\Migrations\\MigrateCommand->runMigrations()
#20 C:\\Users\\Usuario\\Downloads\\SGN_Monalezza-main\\SGN_Monalezza-main\\vendor\\laravel\\framework\\src\\Illuminate\\Container\\BoundMethod.php(36): Illuminate\\Database\\Console\\Migrations\\MigrateCommand->handle()
#21 C:\\Users\\Usuario\\Downloads\\SGN_Monalezza-main\\SGN_Monalezza-main\\vendor\\laravel\\framework\\src\\Illuminate\\Container\\Util.php(43): Illuminate\\Container\\BoundMethod::Illuminate\\Container\\{closure}()
#22 C:\\Users\\Usuario\\Downloads\\SGN_Monalezza-main\\SGN_Monalezza-main\\vendor\\laravel\\framework\\src\\Illuminate\\Container\\BoundMethod.php(95): Illuminate\\Container\\Util::unwrapIfClosure(Object(Closure))
#23 C:\\Users\\Usuario\\Downloads\\SGN_Monalezza-main\\SGN_Monalezza-main\\vendor\\laravel\\framework\\src\\Illuminate\\Container\\BoundMethod.php(35): Illuminate\\Container\\BoundMethod::callBoundMethod(Object(Illuminate\\Foundation\\Application), Array, Object(Closure))
#24 C:\\Users\\Usuario\\Downloads\\SGN_Monalezza-main\\SGN_Monalezza-main\\vendor\\laravel\\framework\\src\\Illuminate\\Container\\Container.php(690): Illuminate\\Container\\BoundMethod::call(Object(Illuminate\\Foundation\\Application), Array, Array, NULL)
#25 C:\\Users\\Usuario\\Downloads\\SGN_Monalezza-main\\SGN_Monalezza-main\\vendor\\laravel\\framework\\src\\Illuminate\\Console\\Command.php(213): Illuminate\\Container\\Container->call(Array)
#26 C:\\Users\\Usuario\\Downloads\\SGN_Monalezza-main\\SGN_Monalezza-main\\vendor\\symfony\\console\\Command\\Command.php(279): Illuminate\\Console\\Command->execute(Object(Symfony\\Component\\Console\\Input\\ArrayInput), Object(Illuminate\\Console\\OutputStyle))
#27 C:\\Users\\Usuario\\Downloads\\SGN_Monalezza-main\\SGN_Monalezza-main\\vendor\\laravel\\framework\\src\\Illuminate\\Console\\Command.php(182): Symfony\\Component\\Console\\Command\\Command->run(Object(Symfony\\Component\\Console\\Input\\ArrayInput), Object(Illuminate\\Console\\OutputStyle))
#28 C:\\Users\\Usuario\\Downloads\\SGN_Monalezza-main\\SGN_Monalezza-main\\vendor\\laravel\\framework\\src\\Illuminate\\Console\\Concerns\\CallsCommands.php(67): Illuminate\\Console\\Command->run(Object(Symfony\\Component\\Console\\Input\\ArrayInput), Object(Illuminate\\Console\\OutputStyle))
#29 C:\\Users\\Usuario\\Downloads\\SGN_Monalezza-main\\SGN_Monalezza-main\\vendor\\laravel\\framework\\src\\Illuminate\\Console\\Concerns\\CallsCommands.php(28): Illuminate\\Console\\Command->runCommand('migrate', Array, Object(Illuminate\\Console\\OutputStyle))
#30 C:\\Users\\Usuario\\Downloads\\SGN_Monalezza-main\\SGN_Monalezza-main\\vendor\\laravel\\framework\\src\\Illuminate\\Database\\Console\\Migrations\\FreshCommand.php(82): Illuminate\\Console\\Command->call('migrate', Array)
#31 C:\\Users\\Usuario\\Downloads\\SGN_Monalezza-main\\SGN_Monalezza-main\\vendor\\laravel\\framework\\src\\Illuminate\\Container\\BoundMethod.php(36): Illuminate\\Database\\Console\\Migrations\\FreshCommand->handle()
#32 C:\\Users\\Usuario\\Downloads\\SGN_Monalezza-main\\SGN_Monalezza-main\\vendor\\laravel\\framework\\src\\Illuminate\\Container\\Util.php(43): Illuminate\\Container\\BoundMethod::Illuminate\\Container\\{closure}()
#33 C:\\Users\\Usuario\\Downloads\\SGN_Monalezza-main\\SGN_Monalezza-main\\vendor\\laravel\\framework\\src\\Illuminate\\Container\\BoundMethod.php(95): Illuminate\\Container\\Util::unwrapIfClosure(Object(Closure))
#34 C:\\Users\\Usuario\\Downloads\\SGN_Monalezza-main\\SGN_Monalezza-main\\vendor\\laravel\\framework\\src\\Illuminate\\Container\\BoundMethod.php(35): Illuminate\\Container\\BoundMethod::callBoundMethod(Object(Illuminate\\Foundation\\Application), Array, Object(Closure))
#35 C:\\Users\\Usuario\\Downloads\\SGN_Monalezza-main\\SGN_Monalezza-main\\vendor\\laravel\\framework\\src\\Illuminate\\Container\\Container.php(690): Illuminate\\Container\\BoundMethod::call(Object(Illuminate\\Foundation\\Application), Array, Array, NULL)
#36 C:\\Users\\Usuario\\Downloads\\SGN_Monalezza-main\\SGN_Monalezza-main\\vendor\\laravel\\framework\\src\\Illuminate\\Console\\Command.php(213): Illuminate\\Container\\Container->call(Array)
#37 C:\\Users\\Usuario\\Downloads\\SGN_Monalezza-main\\SGN_Monalezza-main\\vendor\\symfony\\console\\Command\\Command.php(279): Illuminate\\Console\\Command->execute(Object(Symfony\\Component\\Console\\Input\\ArgvInput), Object(Illuminate\\Console\\OutputStyle))
#38 C:\\Users\\Usuario\\Downloads\\SGN_Monalezza-main\\SGN_Monalezza-main\\vendor\\laravel\\framework\\src\\Illuminate\\Console\\Command.php(182): Symfony\\Component\\Console\\Command\\Command->run(Object(Symfony\\Component\\Console\\Input\\ArgvInput), Object(Illuminate\\Console\\OutputStyle))
#39 C:\\Users\\Usuario\\Downloads\\SGN_Monalezza-main\\SGN_Monalezza-main\\vendor\\symfony\\console\\Application.php(1047): Illuminate\\Console\\Command->run(Object(Symfony\\Component\\Console\\Input\\ArgvInput), Object(Symfony\\Component\\Console\\Output\\ConsoleOutput))
#40 C:\\Users\\Usuario\\Downloads\\SGN_Monalezza-main\\SGN_Monalezza-main\\vendor\\symfony\\console\\Application.php(316): Symfony\\Component\\Console\\Application->doRunCommand(Object(Illuminate\\Database\\Console\\Migrations\\FreshCommand), Object(Symfony\\Component\\Console\\Input\\ArgvInput), Object(Symfony\\Component\\Console\\Output\\ConsoleOutput))
#41 C:\\Users\\Usuario\\Downloads\\SGN_Monalezza-main\\SGN_Monalezza-main\\vendor\\symfony\\console\\Application.php(167): Symfony\\Component\\Console\\Application->doRun(Object(Symfony\\Component\\Console\\Input\\ArgvInput), Object(Symfony\\Component\\Console\\Output\\ConsoleOutput))
#42 C:\\Users\\Usuario\\Downloads\\SGN_Monalezza-main\\SGN_Monalezza-main\\vendor\\laravel\\framework\\src\\Illuminate\\Foundation\\Console\\Kernel.php(197): Symfony\\Component\\Console\\Application->run(Object(Symfony\\Component\\Console\\Input\\ArgvInput), Object(Symfony\\Component\\Console\\Output\\ConsoleOutput))
#43 C:\\Users\\Usuario\\Downloads\\SGN_Monalezza-main\\SGN_Monalezza-main\\vendor\\laravel\\framework\\src\\Illuminate\\Foundation\\Application.php(1203): Illuminate\\Foundation\\Console\\Kernel->handle(Object(Symfony\\Component\\Console\\Input\\ArgvInput), Object(Symfony\\Component\\Console\\Output\\ConsoleOutput))
#44 C:\\Users\\Usuario\\Downloads\\SGN_Monalezza-main\\SGN_Monalezza-main\\artisan(13): Illuminate\\Foundation\\Application->handleCommand(Object(Symfony\\Component\\Console\\Input\\ArgvInput))
#45 {main}

[previous exception] [object] (PDOException(code: 42S01): SQLSTATE[42S01]: Base table or view already exists: 1050 Table 'detalle_efectivo' already exists at C:\\Users\\Usuario\\Downloads\\SGN_Monalezza-main\\SGN_Monalezza-main\\vendor\\laravel\\framework\\src\\Illuminate\\Database\\Connection.php:571)
[stacktrace]
#0 C:\\Users\\Usuario\\Downloads\\SGN_Monalezza-main\\SGN_Monalezza-main\\vendor\\laravel\\framework\\src\\Illuminate\\Database\\Connection.php(571): PDOStatement->execute()
#1 C:\\Users\\Usuario\\Downloads\\SGN_Monalezza-main\\SGN_Monalezza-main\\vendor\\laravel\\framework\\src\\Illuminate\\Database\\Connection.php(812): Illuminate\\Database\\Connection->Illuminate\\Database\\{closure}('create table `d...', Array)
#2 C:\\Users\\Usuario\\Downloads\\SGN_Monalezza-main\\SGN_Monalezza-main\\vendor\\laravel\\framework\\src\\Illuminate\\Database\\Connection.php(779): Illuminate\\Database\\Connection->runQueryCallback('create table `d...', Array, Object(Closure))
#3 C:\\Users\\Usuario\\Downloads\\SGN_Monalezza-main\\SGN_Monalezza-main\\vendor\\laravel\\framework\\src\\Illuminate\\Database\\Connection.php(560): Illuminate\\Database\\Connection->run('create table `d...', Array, Object(Closure))
#4 C:\\Users\\Usuario\\Downloads\\SGN_Monalezza-main\\SGN_Monalezza-main\\vendor\\laravel\\framework\\src\\Illuminate\\Database\\Schema\\Blueprint.php(117): Illuminate\\Database\\Connection->statement('create table `d...')
#5 C:\\Users\\Usuario\\Downloads\\SGN_Monalezza-main\\SGN_Monalezza-main\\vendor\\laravel\\framework\\src\\Illuminate\\Database\\Schema\\Builder.php(565): Illuminate\\Database\\Schema\\Blueprint->build(Object(Illuminate\\Database\\MySqlConnection), Object(Illuminate\\Database\\Schema\\Grammars\\MySqlGrammar))
#6 C:\\Users\\Usuario\\Downloads\\SGN_Monalezza-main\\SGN_Monalezza-main\\vendor\\laravel\\framework\\src\\Illuminate\\Database\\Schema\\Builder.php(419): Illuminate\\Database\\Schema\\Builder->build(Object(Illuminate\\Database\\Schema\\Blueprint))
#7 C:\\Users\\Usuario\\Downloads\\SGN_Monalezza-main\\SGN_Monalezza-main\\vendor\\laravel\\framework\\src\\Illuminate\\Support\\Facades\\Facade.php(358): Illuminate\\Database\\Schema\\Builder->create('detalle_efectiv...', Object(Closure))
#8 C:\\Users\\Usuario\\Downloads\\SGN_Monalezza-main\\SGN_Monalezza-main\\database\\migrations\\2025_07_14_115555_create_detalle_efectivo_table.php(14): Illuminate\\Support\\Facades\\Facade::__callStatic('create', Array)
#9 C:\\Users\\Usuario\\Downloads\\SGN_Monalezza-main\\SGN_Monalezza-main\\vendor\\laravel\\framework\\src\\Illuminate\\Database\\Migrations\\Migrator.php(475): Illuminate\\Database\\Migrations\\Migration@anonymous->up()
#10 C:\\Users\\Usuario\\Downloads\\SGN_Monalezza-main\\SGN_Monalezza-main\\vendor\\laravel\\framework\\src\\Illuminate\\Database\\Migrations\\Migrator.php(400): Illuminate\\Database\\Migrations\\Migrator->runMethod(Object(Illuminate\\Database\\MySqlConnection), Object(Illuminate\\Database\\Migrations\\Migration@anonymous), 'up')
#11 C:\\Users\\Usuario\\Downloads\\SGN_Monalezza-main\\SGN_Monalezza-main\\vendor\\laravel\\framework\\src\\Illuminate\\Database\\Migrations\\Migrator.php(409): Illuminate\\Database\\Migrations\\Migrator->Illuminate\\Database\\Migrations\\{closure}()
#12 C:\\Users\\Usuario\\Downloads\\SGN_Monalezza-main\\SGN_Monalezza-main\\vendor\\laravel\\framework\\src\\Illuminate\\Database\\Migrations\\Migrator.php(212): Illuminate\\Database\\Migrations\\Migrator->runMigration(Object(Illuminate\\Database\\Migrations\\Migration@anonymous), 'up')
#13 C:\\Users\\Usuario\\Downloads\\SGN_Monalezza-main\\SGN_Monalezza-main\\vendor\\laravel\\framework\\src\\Illuminate\\Console\\View\\Components\\Task.php(40): Illuminate\\Database\\Migrations\\Migrator->Illuminate\\Database\\Migrations\\{closure}()
#14 C:\\Users\\Usuario\\Downloads\\SGN_Monalezza-main\\SGN_Monalezza-main\\vendor\\laravel\\framework\\src\\Illuminate\\Database\\Migrations\\Migrator.php(736): Illuminate\\Console\\View\\Components\\Task->render('2025_07_14_1155...', Object(Closure))
#15 C:\\Users\\Usuario\\Downloads\\SGN_Monalezza-main\\SGN_Monalezza-main\\vendor\\laravel\\framework\\src\\Illuminate\\Database\\Migrations\\Migrator.php(212): Illuminate\\Database\\Migrations\\Migrator->write('Illuminate\\\\Cons...', '2025_07_14_1155...', Object(Closure))
#16 C:\\Users\\Usuario\\Downloads\\SGN_Monalezza-main\\SGN_Monalezza-main\\vendor\\laravel\\framework\\src\\Illuminate\\Database\\Migrations\\Migrator.php(179): Illuminate\\Database\\Migrations\\Migrator->runUp('C:\\\\Users\\\\Usuari...', 1, false)
#17 C:\\Users\\Usuario\\Downloads\\SGN_Monalezza-main\\SGN_Monalezza-main\\vendor\\laravel\\framework\\src\\Illuminate\\Database\\Migrations\\Migrator.php(122): Illuminate\\Database\\Migrations\\Migrator->runPending(Array, Array)
#18 C:\\Users\\Usuario\\Downloads\\SGN_Monalezza-main\\SGN_Monalezza-main\\vendor\\laravel\\framework\\src\\Illuminate\\Database\\Console\\Migrations\\MigrateCommand.php(116): Illuminate\\Database\\Migrations\\Migrator->run(Array, Array)
#19 C:\\Users\\Usuario\\Downloads\\SGN_Monalezza-main\\SGN_Monalezza-main\\vendor\\laravel\\framework\\src\\Illuminate\\Database\\Migrations\\Migrator.php(615): Illuminate\\Database\\Console\\Migrations\\MigrateCommand->Illuminate\\Database\\Console\\Migrations\\{closure}()
#20 C:\\Users\\Usuario\\Downloads\\SGN_Monalezza-main\\SGN_Monalezza-main\\vendor\\laravel\\framework\\src\\Illuminate\\Database\\Console\\Migrations\\MigrateCommand.php(109): Illuminate\\Database\\Migrations\\Migrator->usingConnection(NULL, Object(Closure))
#21 C:\\Users\\Usuario\\Downloads\\SGN_Monalezza-main\\SGN_Monalezza-main\\vendor\\laravel\\framework\\src\\Illuminate\\Database\\Console\\Migrations\\MigrateCommand.php(88): Illuminate\\Database\\Console\\Migrations\\MigrateCommand->runMigrations()
#22 C:\\Users\\Usuario\\Downloads\\SGN_Monalezza-main\\SGN_Monalezza-main\\vendor\\laravel\\framework\\src\\Illuminate\\Container\\BoundMethod.php(36): Illuminate\\Database\\Console\\Migrations\\MigrateCommand->handle()
#23 C:\\Users\\Usuario\\Downloads\\SGN_Monalezza-main\\SGN_Monalezza-main\\vendor\\laravel\\framework\\src\\Illuminate\\Container\\Util.php(43): Illuminate\\Container\\BoundMethod::Illuminate\\Container\\{closure}()
#24 C:\\Users\\Usuario\\Downloads\\SGN_Monalezza-main\\SGN_Monalezza-main\\vendor\\laravel\\framework\\src\\Illuminate\\Container\\BoundMethod.php(95): Illuminate\\Container\\Util::unwrapIfClosure(Object(Closure))
#25 C:\\Users\\Usuario\\Downloads\\SGN_Monalezza-main\\SGN_Monalezza-main\\vendor\\laravel\\framework\\src\\Illuminate\\Container\\BoundMethod.php(35): Illuminate\\Container\\BoundMethod::callBoundMethod(Object(Illuminate\\Foundation\\Application), Array, Object(Closure))
#26 C:\\Users\\Usuario\\Downloads\\SGN_Monalezza-main\\SGN_Monalezza-main\\vendor\\laravel\\framework\\src\\Illuminate\\Container\\Container.php(690): Illuminate\\Container\\BoundMethod::call(Object(Illuminate\\Foundation\\Application), Array, Array, NULL)
#27 C:\\Users\\Usuario\\Downloads\\SGN_Monalezza-main\\SGN_Monalezza-main\\vendor\\laravel\\framework\\src\\Illuminate\\Console\\Command.php(213): Illuminate\\Container\\Container->call(Array)
#28 C:\\Users\\Usuario\\Downloads\\SGN_Monalezza-main\\SGN_Monalezza-main\\vendor\\symfony\\console\\Command\\Command.php(279): Illuminate\\Console\\Command->execute(Object(Symfony\\Component\\Console\\Input\\ArrayInput), Object(Illuminate\\Console\\OutputStyle))
#29 C:\\Users\\Usuario\\Downloads\\SGN_Monalezza-main\\SGN_Monalezza-main\\vendor\\laravel\\framework\\src\\Illuminate\\Console\\Command.php(182): Symfony\\Component\\Console\\Command\\Command->run(Object(Symfony\\Component\\Console\\Input\\ArrayInput), Object(Illuminate\\Console\\OutputStyle))
#30 C:\\Users\\Usuario\\Downloads\\SGN_Monalezza-main\\SGN_Monalezza-main\\vendor\\laravel\\framework\\src\\Illuminate\\Console\\Concerns\\CallsCommands.php(67): Illuminate\\Console\\Command->run(Object(Symfony\\Component\\Console\\Input\\ArrayInput), Object(Illuminate\\Console\\OutputStyle))
#31 C:\\Users\\Usuario\\Downloads\\SGN_Monalezza-main\\SGN_Monalezza-main\\vendor\\laravel\\framework\\src\\Illuminate\\Console\\Concerns\\CallsCommands.php(28): Illuminate\\Console\\Command->runCommand('migrate', Array, Object(Illuminate\\Console\\OutputStyle))
#32 C:\\Users\\Usuario\\Downloads\\SGN_Monalezza-main\\SGN_Monalezza-main\\vendor\\laravel\\framework\\src\\Illuminate\\Database\\Console\\Migrations\\FreshCommand.php(82): Illuminate\\Console\\Command->call('migrate', Array)
#33 C:\\Users\\Usuario\\Downloads\\SGN_Monalezza-main\\SGN_Monalezza-main\\vendor\\laravel\\framework\\src\\Illuminate\\Container\\BoundMethod.php(36): Illuminate\\Database\\Console\\Migrations\\FreshCommand->handle()
#34 C:\\Users\\Usuario\\Downloads\\SGN_Monalezza-main\\SGN_Monalezza-main\\vendor\\laravel\\framework\\src\\Illuminate\\Container\\Util.php(43): Illuminate\\Container\\BoundMethod::Illuminate\\Container\\{closure}()
#35 C:\\Users\\Usuario\\Downloads\\SGN_Monalezza-main\\SGN_Monalezza-main\\vendor\\laravel\\framework\\src\\Illuminate\\Container\\BoundMethod.php(95): Illuminate\\Container\\Util::unwrapIfClosure(Object(Closure))
#36 C:\\Users\\Usuario\\Downloads\\SGN_Monalezza-main\\SGN_Monalezza-main\\vendor\\laravel\\framework\\src\\Illuminate\\Container\\BoundMethod.php(35): Illuminate\\Container\\BoundMethod::callBoundMethod(Object(Illuminate\\Foundation\\Application), Array, Object(Closure))
#37 C:\\Users\\Usuario\\Downloads\\SGN_Monalezza-main\\SGN_Monalezza-main\\vendor\\laravel\\framework\\src\\Illuminate\\Container\\Container.php(690): Illuminate\\Container\\BoundMethod::call(Object(Illuminate\\Foundation\\Application), Array, Array, NULL)
#38 C:\\Users\\Usuario\\Downloads\\SGN_Monalezza-main\\SGN_Monalezza-main\\vendor\\laravel\\framework\\src\\Illuminate\\Console\\Command.php(213): Illuminate\\Container\\Container->call(Array)
#39 C:\\Users\\Usuario\\Downloads\\SGN_Monalezza-main\\SGN_Monalezza-main\\vendor\\symfony\\console\\Command\\Command.php(279): Illuminate\\Console\\Command->execute(Object(Symfony\\Component\\Console\\Input\\ArgvInput), Object(Illuminate\\Console\\OutputStyle))
#40 C:\\Users\\Usuario\\Downloads\\SGN_Monalezza-main\\SGN_Monalezza-main\\vendor\\laravel\\framework\\src\\Illuminate\\Console\\Command.php(182): Symfony\\Component\\Console\\Command\\Command->run(Object(Symfony\\Component\\Console\\Input\\ArgvInput), Object(Illuminate\\Console\\OutputStyle))
#41 C:\\Users\\Usuario\\Downloads\\SGN_Monalezza-main\\SGN_Monalezza-main\\vendor\\symfony\\console\\Application.php(1047): Illuminate\\Console\\Command->run(Object(Symfony\\Component\\Console\\Input\\ArgvInput), Object(Symfony\\Component\\Console\\Output\\ConsoleOutput))
#42 C:\\Users\\Usuario\\Downloads\\SGN_Monalezza-main\\SGN_Monalezza-main\\vendor\\symfony\\console\\Application.php(316): Symfony\\Component\\Console\\Application->doRunCommand(Object(Illuminate\\Database\\Console\\Migrations\\FreshCommand), Object(Symfony\\Component\\Console\\Input\\ArgvInput), Object(Symfony\\Component\\Console\\Output\\ConsoleOutput))
#43 C:\\Users\\Usuario\\Downloads\\SGN_Monalezza-main\\SGN_Monalezza-main\\vendor\\symfony\\console\\Application.php(167): Symfony\\Component\\Console\\Application->doRun(Object(Symfony\\Component\\Console\\Input\\ArgvInput), Object(Symfony\\Component\\Console\\Output\\ConsoleOutput))
#44 C:\\Users\\Usuario\\Downloads\\SGN_Monalezza-main\\SGN_Monalezza-main\\vendor\\laravel\\framework\\src\\Illuminate\\Foundation\\Console\\Kernel.php(197): Symfony\\Component\\Console\\Application->run(Object(Symfony\\Component\\Console\\Input\\ArgvInput), Object(Symfony\\Component\\Console\\Output\\ConsoleOutput))
#45 C:\\Users\\Usuario\\Downloads\\SGN_Monalezza-main\\SGN_Monalezza-main\\vendor\\laravel\\framework\\src\\Illuminate\\Foundation\\Application.php(1203): Illuminate\\Foundation\\Console\\Kernel->handle(Object(Symfony\\Component\\Console\\Input\\ArgvInput), Object(Symfony\\Component\\Console\\Output\\ConsoleOutput))
#46 C:\\Users\\Usuario\\Downloads\\SGN_Monalezza-main\\SGN_Monalezza-main\\artisan(13): Illuminate\\Foundation\\Application->handleCommand(Object(Symfony\\Component\\Console\\Input\\ArgvInput))
#47 {main}
"} 
[2025-09-25 18:05:34] local.ERROR: SQLSTATE[42S01]: Base table or view already exists: 1050 Table 'detalle_efectivo' already exists (Connection: mysql, SQL: create table `detalle_efectivo` (`detalle_efectivo_pk` bigint unsigned not null auto_increment primary key, `fecha_actual` datetime not null, `efectivo_inicial` decimal(8, 2) not null) default character set utf8mb4 collate 'utf8mb4_unicode_ci') {"exception":"[object] (Illuminate\\Database\\QueryException(code: 42S01): SQLSTATE[42S01]: Base table or view already exists: 1050 Table 'detalle_efectivo' already exists (Connection: mysql, SQL: create table `detalle_efectivo` (`detalle_efectivo_pk` bigint unsigned not null auto_increment primary key, `fecha_actual` datetime not null, `efectivo_inicial` decimal(8, 2) not null) default character set utf8mb4 collate 'utf8mb4_unicode_ci') at C:\\Users\\Usuario\\Downloads\\SGN_Monalezza-main\\SGN_Monalezza-main\\vendor\\laravel\\framework\\src\\Illuminate\\Database\\Connection.php:825)
[stacktrace]
#0 C:\\Users\\Usuario\\Downloads\\SGN_Monalezza-main\\SGN_Monalezza-main\\vendor\\laravel\\framework\\src\\Illuminate\\Database\\Connection.php(779): Illuminate\\Database\\Connection->runQueryCallback('create table `d...', Array, Object(Closure))
#1 C:\\Users\\Usuario\\Downloads\\SGN_Monalezza-main\\SGN_Monalezza-main\\vendor\\laravel\\framework\\src\\Illuminate\\Database\\Connection.php(560): Illuminate\\Database\\Connection->run('create table `d...', Array, Object(Closure))
#2 C:\\Users\\Usuario\\Downloads\\SGN_Monalezza-main\\SGN_Monalezza-main\\vendor\\laravel\\framework\\src\\Illuminate\\Database\\Schema\\Blueprint.php(117): Illuminate\\Database\\Connection->statement('create table `d...')
#3 C:\\Users\\Usuario\\Downloads\\SGN_Monalezza-main\\SGN_Monalezza-main\\vendor\\laravel\\framework\\src\\Illuminate\\Database\\Schema\\Builder.php(565): Illuminate\\Database\\Schema\\Blueprint->build(Object(Illuminate\\Database\\MySqlConnection), Object(Illuminate\\Database\\Schema\\Grammars\\MySqlGrammar))
#4 C:\\Users\\Usuario\\Downloads\\SGN_Monalezza-main\\SGN_Monalezza-main\\vendor\\laravel\\framework\\src\\Illuminate\\Database\\Schema\\Builder.php(419): Illuminate\\Database\\Schema\\Builder->build(Object(Illuminate\\Database\\Schema\\Blueprint))
#5 C:\\Users\\Usuario\\Downloads\\SGN_Monalezza-main\\SGN_Monalezza-main\\vendor\\laravel\\framework\\src\\Illuminate\\Support\\Facades\\Facade.php(358): Illuminate\\Database\\Schema\\Builder->create('detalle_efectiv...', Object(Closure))
#6 C:\\Users\\Usuario\\Downloads\\SGN_Monalezza-main\\SGN_Monalezza-main\\database\\migrations\\2025_07_14_115555_create_detalle_efectivo_table.php(14): Illuminate\\Support\\Facades\\Facade::__callStatic('create', Array)
#7 C:\\Users\\Usuario\\Downloads\\SGN_Monalezza-main\\SGN_Monalezza-main\\vendor\\laravel\\framework\\src\\Illuminate\\Database\\Migrations\\Migrator.php(475): Illuminate\\Database\\Migrations\\Migration@anonymous->up()
#8 C:\\Users\\Usuario\\Downloads\\SGN_Monalezza-main\\SGN_Monalezza-main\\vendor\\laravel\\framework\\src\\Illuminate\\Database\\Migrations\\Migrator.php(400): Illuminate\\Database\\Migrations\\Migrator->runMethod(Object(Illuminate\\Database\\MySqlConnection), Object(Illuminate\\Database\\Migrations\\Migration@anonymous), 'up')
#9 C:\\Users\\Usuario\\Downloads\\SGN_Monalezza-main\\SGN_Monalezza-main\\vendor\\laravel\\framework\\src\\Illuminate\\Database\\Migrations\\Migrator.php(409): Illuminate\\Database\\Migrations\\Migrator->Illuminate\\Database\\Migrations\\{closure}()
#10 C:\\Users\\Usuario\\Downloads\\SGN_Monalezza-main\\SGN_Monalezza-main\\vendor\\laravel\\framework\\src\\Illuminate\\Database\\Migrations\\Migrator.php(212): Illuminate\\Database\\Migrations\\Migrator->runMigration(Object(Illuminate\\Database\\Migrations\\Migration@anonymous), 'up')
#11 C:\\Users\\Usuario\\Downloads\\SGN_Monalezza-main\\SGN_Monalezza-main\\vendor\\laravel\\framework\\src\\Illuminate\\Console\\View\\Components\\Task.php(40): Illuminate\\Database\\Migrations\\Migrator->Illuminate\\Database\\Migrations\\{closure}()
#12 C:\\Users\\Usuario\\Downloads\\SGN_Monalezza-main\\SGN_Monalezza-main\\vendor\\laravel\\framework\\src\\Illuminate\\Database\\Migrations\\Migrator.php(736): Illuminate\\Console\\View\\Components\\Task->render('2025_07_14_1155...', Object(Closure))
#13 C:\\Users\\Usuario\\Downloads\\SGN_Monalezza-main\\SGN_Monalezza-main\\vendor\\laravel\\framework\\src\\Illuminate\\Database\\Migrations\\Migrator.php(212): Illuminate\\Database\\Migrations\\Migrator->write('Illuminate\\\\Cons...', '2025_07_14_1155...', Object(Closure))
#14 C:\\Users\\Usuario\\Downloads\\SGN_Monalezza-main\\SGN_Monalezza-main\\vendor\\laravel\\framework\\src\\Illuminate\\Database\\Migrations\\Migrator.php(179): Illuminate\\Database\\Migrations\\Migrator->runUp('C:\\\\Users\\\\Usuari...', 1, false)
#15 C:\\Users\\Usuario\\Downloads\\SGN_Monalezza-main\\SGN_Monalezza-main\\vendor\\laravel\\framework\\src\\Illuminate\\Database\\Migrations\\Migrator.php(122): Illuminate\\Database\\Migrations\\Migrator->runPending(Array, Array)
#16 C:\\Users\\Usuario\\Downloads\\SGN_Monalezza-main\\SGN_Monalezza-main\\vendor\\laravel\\framework\\src\\Illuminate\\Database\\Console\\Migrations\\MigrateCommand.php(116): Illuminate\\Database\\Migrations\\Migrator->run(Array, Array)
#17 C:\\Users\\Usuario\\Downloads\\SGN_Monalezza-main\\SGN_Monalezza-main\\vendor\\laravel\\framework\\src\\Illuminate\\Database\\Migrations\\Migrator.php(615): Illuminate\\Database\\Console\\Migrations\\MigrateCommand->Illuminate\\Database\\Console\\Migrations\\{closure}()
#18 C:\\Users\\Usuario\\Downloads\\SGN_Monalezza-main\\SGN_Monalezza-main\\vendor\\laravel\\framework\\src\\Illuminate\\Database\\Console\\Migrations\\MigrateCommand.php(109): Illuminate\\Database\\Migrations\\Migrator->usingConnection(NULL, Object(Closure))
#19 C:\\Users\\Usuario\\Downloads\\SGN_Monalezza-main\\SGN_Monalezza-main\\vendor\\laravel\\framework\\src\\Illuminate\\Database\\Console\\Migrations\\MigrateCommand.php(88): Illuminate\\Database\\Console\\Migrations\\MigrateCommand->runMigrations()
#20 C:\\Users\\Usuario\\Downloads\\SGN_Monalezza-main\\SGN_Monalezza-main\\vendor\\laravel\\framework\\src\\Illuminate\\Container\\BoundMethod.php(36): Illuminate\\Database\\Console\\Migrations\\MigrateCommand->handle()
#21 C:\\Users\\Usuario\\Downloads\\SGN_Monalezza-main\\SGN_Monalezza-main\\vendor\\laravel\\framework\\src\\Illuminate\\Container\\Util.php(43): Illuminate\\Container\\BoundMethod::Illuminate\\Container\\{closure}()
#22 C:\\Users\\Usuario\\Downloads\\SGN_Monalezza-main\\SGN_Monalezza-main\\vendor\\laravel\\framework\\src\\Illuminate\\Container\\BoundMethod.php(95): Illuminate\\Container\\Util::unwrapIfClosure(Object(Closure))
#23 C:\\Users\\Usuario\\Downloads\\SGN_Monalezza-main\\SGN_Monalezza-main\\vendor\\laravel\\framework\\src\\Illuminate\\Container\\BoundMethod.php(35): Illuminate\\Container\\BoundMethod::callBoundMethod(Object(Illuminate\\Foundation\\Application), Array, Object(Closure))
#24 C:\\Users\\Usuario\\Downloads\\SGN_Monalezza-main\\SGN_Monalezza-main\\vendor\\laravel\\framework\\src\\Illuminate\\Container\\Container.php(690): Illuminate\\Container\\BoundMethod::call(Object(Illuminate\\Foundation\\Application), Array, Array, NULL)
#25 C:\\Users\\Usuario\\Downloads\\SGN_Monalezza-main\\SGN_Monalezza-main\\vendor\\laravel\\framework\\src\\Illuminate\\Console\\Command.php(213): Illuminate\\Container\\Container->call(Array)
#26 C:\\Users\\Usuario\\Downloads\\SGN_Monalezza-main\\SGN_Monalezza-main\\vendor\\symfony\\console\\Command\\Command.php(279): Illuminate\\Console\\Command->execute(Object(Symfony\\Component\\Console\\Input\\ArrayInput), Object(Illuminate\\Console\\OutputStyle))
#27 C:\\Users\\Usuario\\Downloads\\SGN_Monalezza-main\\SGN_Monalezza-main\\vendor\\laravel\\framework\\src\\Illuminate\\Console\\Command.php(182): Symfony\\Component\\Console\\Command\\Command->run(Object(Symfony\\Component\\Console\\Input\\ArrayInput), Object(Illuminate\\Console\\OutputStyle))
#28 C:\\Users\\Usuario\\Downloads\\SGN_Monalezza-main\\SGN_Monalezza-main\\vendor\\laravel\\framework\\src\\Illuminate\\Console\\Concerns\\CallsCommands.php(67): Illuminate\\Console\\Command->run(Object(Symfony\\Component\\Console\\Input\\ArrayInput), Object(Illuminate\\Console\\OutputStyle))
#29 C:\\Users\\Usuario\\Downloads\\SGN_Monalezza-main\\SGN_Monalezza-main\\vendor\\laravel\\framework\\src\\Illuminate\\Console\\Concerns\\CallsCommands.php(28): Illuminate\\Console\\Command->runCommand('migrate', Array, Object(Illuminate\\Console\\OutputStyle))
#30 C:\\Users\\Usuario\\Downloads\\SGN_Monalezza-main\\SGN_Monalezza-main\\vendor\\laravel\\framework\\src\\Illuminate\\Database\\Console\\Migrations\\FreshCommand.php(82): Illuminate\\Console\\Command->call('migrate', Array)
#31 C:\\Users\\Usuario\\Downloads\\SGN_Monalezza-main\\SGN_Monalezza-main\\vendor\\laravel\\framework\\src\\Illuminate\\Container\\BoundMethod.php(36): Illuminate\\Database\\Console\\Migrations\\FreshCommand->handle()
#32 C:\\Users\\Usuario\\Downloads\\SGN_Monalezza-main\\SGN_Monalezza-main\\vendor\\laravel\\framework\\src\\Illuminate\\Container\\Util.php(43): Illuminate\\Container\\BoundMethod::Illuminate\\Container\\{closure}()
#33 C:\\Users\\Usuario\\Downloads\\SGN_Monalezza-main\\SGN_Monalezza-main\\vendor\\laravel\\framework\\src\\Illuminate\\Container\\BoundMethod.php(95): Illuminate\\Container\\Util::unwrapIfClosure(Object(Closure))
#34 C:\\Users\\Usuario\\Downloads\\SGN_Monalezza-main\\SGN_Monalezza-main\\vendor\\laravel\\framework\\src\\Illuminate\\Container\\BoundMethod.php(35): Illuminate\\Container\\BoundMethod::callBoundMethod(Object(Illuminate\\Foundation\\Application), Array, Object(Closure))
#35 C:\\Users\\Usuario\\Downloads\\SGN_Monalezza-main\\SGN_Monalezza-main\\vendor\\laravel\\framework\\src\\Illuminate\\Container\\Container.php(690): Illuminate\\Container\\BoundMethod::call(Object(Illuminate\\Foundation\\Application), Array, Array, NULL)
#36 C:\\Users\\Usuario\\Downloads\\SGN_Monalezza-main\\SGN_Monalezza-main\\vendor\\laravel\\framework\\src\\Illuminate\\Console\\Command.php(213): Illuminate\\Container\\Container->call(Array)
#37 C:\\Users\\Usuario\\Downloads\\SGN_Monalezza-main\\SGN_Monalezza-main\\vendor\\symfony\\console\\Command\\Command.php(279): Illuminate\\Console\\Command->execute(Object(Symfony\\Component\\Console\\Input\\ArgvInput), Object(Illuminate\\Console\\OutputStyle))
#38 C:\\Users\\Usuario\\Downloads\\SGN_Monalezza-main\\SGN_Monalezza-main\\vendor\\laravel\\framework\\src\\Illuminate\\Console\\Command.php(182): Symfony\\Component\\Console\\Command\\Command->run(Object(Symfony\\Component\\Console\\Input\\ArgvInput), Object(Illuminate\\Console\\OutputStyle))
#39 C:\\Users\\Usuario\\Downloads\\SGN_Monalezza-main\\SGN_Monalezza-main\\vendor\\symfony\\console\\Application.php(1047): Illuminate\\Console\\Command->run(Object(Symfony\\Component\\Console\\Input\\ArgvInput), Object(Symfony\\Component\\Console\\Output\\ConsoleOutput))
#40 C:\\Users\\Usuario\\Downloads\\SGN_Monalezza-main\\SGN_Monalezza-main\\vendor\\symfony\\console\\Application.php(316): Symfony\\Component\\Console\\Application->doRunCommand(Object(Illuminate\\Database\\Console\\Migrations\\FreshCommand), Object(Symfony\\Component\\Console\\Input\\ArgvInput), Object(Symfony\\Component\\Console\\Output\\ConsoleOutput))
#41 C:\\Users\\Usuario\\Downloads\\SGN_Monalezza-main\\SGN_Monalezza-main\\vendor\\symfony\\console\\Application.php(167): Symfony\\Component\\Console\\Application->doRun(Object(Symfony\\Component\\Console\\Input\\ArgvInput), Object(Symfony\\Component\\Console\\Output\\ConsoleOutput))
#42 C:\\Users\\Usuario\\Downloads\\SGN_Monalezza-main\\SGN_Monalezza-main\\vendor\\laravel\\framework\\src\\Illuminate\\Foundation\\Console\\Kernel.php(197): Symfony\\Component\\Console\\Application->run(Object(Symfony\\Component\\Console\\Input\\ArgvInput), Object(Symfony\\Component\\Console\\Output\\ConsoleOutput))
#43 C:\\Users\\Usuario\\Downloads\\SGN_Monalezza-main\\SGN_Monalezza-main\\vendor\\laravel\\framework\\src\\Illuminate\\Foundation\\Application.php(1203): Illuminate\\Foundation\\Console\\Kernel->handle(Object(Symfony\\Component\\Console\\Input\\ArgvInput), Object(Symfony\\Component\\Console\\Output\\ConsoleOutput))
#44 C:\\Users\\Usuario\\Downloads\\SGN_Monalezza-main\\SGN_Monalezza-main\\artisan(13): Illuminate\\Foundation\\Application->handleCommand(Object(Symfony\\Component\\Console\\Input\\ArgvInput))
#45 {main}

[previous exception] [object] (PDOException(code: 42S01): SQLSTATE[42S01]: Base table or view already exists: 1050 Table 'detalle_efectivo' already exists at C:\\Users\\Usuario\\Downloads\\SGN_Monalezza-main\\SGN_Monalezza-main\\vendor\\laravel\\framework\\src\\Illuminate\\Database\\Connection.php:571)
[stacktrace]
#0 C:\\Users\\Usuario\\Downloads\\SGN_Monalezza-main\\SGN_Monalezza-main\\vendor\\laravel\\framework\\src\\Illuminate\\Database\\Connection.php(571): PDOStatement->execute()
#1 C:\\Users\\Usuario\\Downloads\\SGN_Monalezza-main\\SGN_Monalezza-main\\vendor\\laravel\\framework\\src\\Illuminate\\Database\\Connection.php(812): Illuminate\\Database\\Connection->Illuminate\\Database\\{closure}('create table `d...', Array)
#2 C:\\Users\\Usuario\\Downloads\\SGN_Monalezza-main\\SGN_Monalezza-main\\vendor\\laravel\\framework\\src\\Illuminate\\Database\\Connection.php(779): Illuminate\\Database\\Connection->runQueryCallback('create table `d...', Array, Object(Closure))
#3 C:\\Users\\Usuario\\Downloads\\SGN_Monalezza-main\\SGN_Monalezza-main\\vendor\\laravel\\framework\\src\\Illuminate\\Database\\Connection.php(560): Illuminate\\Database\\Connection->run('create table `d...', Array, Object(Closure))
#4 C:\\Users\\Usuario\\Downloads\\SGN_Monalezza-main\\SGN_Monalezza-main\\vendor\\laravel\\framework\\src\\Illuminate\\Database\\Schema\\Blueprint.php(117): Illuminate\\Database\\Connection->statement('create table `d...')
#5 C:\\Users\\Usuario\\Downloads\\SGN_Monalezza-main\\SGN_Monalezza-main\\vendor\\laravel\\framework\\src\\Illuminate\\Database\\Schema\\Builder.php(565): Illuminate\\Database\\Schema\\Blueprint->build(Object(Illuminate\\Database\\MySqlConnection), Object(Illuminate\\Database\\Schema\\Grammars\\MySqlGrammar))
#6 C:\\Users\\Usuario\\Downloads\\SGN_Monalezza-main\\SGN_Monalezza-main\\vendor\\laravel\\framework\\src\\Illuminate\\Database\\Schema\\Builder.php(419): Illuminate\\Database\\Schema\\Builder->build(Object(Illuminate\\Database\\Schema\\Blueprint))
#7 C:\\Users\\Usuario\\Downloads\\SGN_Monalezza-main\\SGN_Monalezza-main\\vendor\\laravel\\framework\\src\\Illuminate\\Support\\Facades\\Facade.php(358): Illuminate\\Database\\Schema\\Builder->create('detalle_efectiv...', Object(Closure))
#8 C:\\Users\\Usuario\\Downloads\\SGN_Monalezza-main\\SGN_Monalezza-main\\database\\migrations\\2025_07_14_115555_create_detalle_efectivo_table.php(14): Illuminate\\Support\\Facades\\Facade::__callStatic('create', Array)
#9 C:\\Users\\Usuario\\Downloads\\SGN_Monalezza-main\\SGN_Monalezza-main\\vendor\\laravel\\framework\\src\\Illuminate\\Database\\Migrations\\Migrator.php(475): Illuminate\\Database\\Migrations\\Migration@anonymous->up()
#10 C:\\Users\\Usuario\\Downloads\\SGN_Monalezza-main\\SGN_Monalezza-main\\vendor\\laravel\\framework\\src\\Illuminate\\Database\\Migrations\\Migrator.php(400): Illuminate\\Database\\Migrations\\Migrator->runMethod(Object(Illuminate\\Database\\MySqlConnection), Object(Illuminate\\Database\\Migrations\\Migration@anonymous), 'up')
#11 C:\\Users\\Usuario\\Downloads\\SGN_Monalezza-main\\SGN_Monalezza-main\\vendor\\laravel\\framework\\src\\Illuminate\\Database\\Migrations\\Migrator.php(409): Illuminate\\Database\\Migrations\\Migrator->Illuminate\\Database\\Migrations\\{closure}()
#12 C:\\Users\\Usuario\\Downloads\\SGN_Monalezza-main\\SGN_Monalezza-main\\vendor\\laravel\\framework\\src\\Illuminate\\Database\\Migrations\\Migrator.php(212): Illuminate\\Database\\Migrations\\Migrator->runMigration(Object(Illuminate\\Database\\Migrations\\Migration@anonymous), 'up')
#13 C:\\Users\\Usuario\\Downloads\\SGN_Monalezza-main\\SGN_Monalezza-main\\vendor\\laravel\\framework\\src\\Illuminate\\Console\\View\\Components\\Task.php(40): Illuminate\\Database\\Migrations\\Migrator->Illuminate\\Database\\Migrations\\{closure}()
#14 C:\\Users\\Usuario\\Downloads\\SGN_Monalezza-main\\SGN_Monalezza-main\\vendor\\laravel\\framework\\src\\Illuminate\\Database\\Migrations\\Migrator.php(736): Illuminate\\Console\\View\\Components\\Task->render('2025_07_14_1155...', Object(Closure))
#15 C:\\Users\\Usuario\\Downloads\\SGN_Monalezza-main\\SGN_Monalezza-main\\vendor\\laravel\\framework\\src\\Illuminate\\Database\\Migrations\\Migrator.php(212): Illuminate\\Database\\Migrations\\Migrator->write('Illuminate\\\\Cons...', '2025_07_14_1155...', Object(Closure))
#16 C:\\Users\\Usuario\\Downloads\\SGN_Monalezza-main\\SGN_Monalezza-main\\vendor\\laravel\\framework\\src\\Illuminate\\Database\\Migrations\\Migrator.php(179): Illuminate\\Database\\Migrations\\Migrator->runUp('C:\\\\Users\\\\Usuari...', 1, false)
#17 C:\\Users\\Usuario\\Downloads\\SGN_Monalezza-main\\SGN_Monalezza-main\\vendor\\laravel\\framework\\src\\Illuminate\\Database\\Migrations\\Migrator.php(122): Illuminate\\Database\\Migrations\\Migrator->runPending(Array, Array)
#18 C:\\Users\\Usuario\\Downloads\\SGN_Monalezza-main\\SGN_Monalezza-main\\vendor\\laravel\\framework\\src\\Illuminate\\Database\\Console\\Migrations\\MigrateCommand.php(116): Illuminate\\Database\\Migrations\\Migrator->run(Array, Array)
#19 C:\\Users\\Usuario\\Downloads\\SGN_Monalezza-main\\SGN_Monalezza-main\\vendor\\laravel\\framework\\src\\Illuminate\\Database\\Migrations\\Migrator.php(615): Illuminate\\Database\\Console\\Migrations\\MigrateCommand->Illuminate\\Database\\Console\\Migrations\\{closure}()
#20 C:\\Users\\Usuario\\Downloads\\SGN_Monalezza-main\\SGN_Monalezza-main\\vendor\\laravel\\framework\\src\\Illuminate\\Database\\Console\\Migrations\\MigrateCommand.php(109): Illuminate\\Database\\Migrations\\Migrator->usingConnection(NULL, Object(Closure))
#21 C:\\Users\\Usuario\\Downloads\\SGN_Monalezza-main\\SGN_Monalezza-main\\vendor\\laravel\\framework\\src\\Illuminate\\Database\\Console\\Migrations\\MigrateCommand.php(88): Illuminate\\Database\\Console\\Migrations\\MigrateCommand->runMigrations()
#22 C:\\Users\\Usuario\\Downloads\\SGN_Monalezza-main\\SGN_Monalezza-main\\vendor\\laravel\\framework\\src\\Illuminate\\Container\\BoundMethod.php(36): Illuminate\\Database\\Console\\Migrations\\MigrateCommand->handle()
#23 C:\\Users\\Usuario\\Downloads\\SGN_Monalezza-main\\SGN_Monalezza-main\\vendor\\laravel\\framework\\src\\Illuminate\\Container\\Util.php(43): Illuminate\\Container\\BoundMethod::Illuminate\\Container\\{closure}()
#24 C:\\Users\\Usuario\\Downloads\\SGN_Monalezza-main\\SGN_Monalezza-main\\vendor\\laravel\\framework\\src\\Illuminate\\Container\\BoundMethod.php(95): Illuminate\\Container\\Util::unwrapIfClosure(Object(Closure))
#25 C:\\Users\\Usuario\\Downloads\\SGN_Monalezza-main\\SGN_Monalezza-main\\vendor\\laravel\\framework\\src\\Illuminate\\Container\\BoundMethod.php(35): Illuminate\\Container\\BoundMethod::callBoundMethod(Object(Illuminate\\Foundation\\Application), Array, Object(Closure))
#26 C:\\Users\\Usuario\\Downloads\\SGN_Monalezza-main\\SGN_Monalezza-main\\vendor\\laravel\\framework\\src\\Illuminate\\Container\\Container.php(690): Illuminate\\Container\\BoundMethod::call(Object(Illuminate\\Foundation\\Application), Array, Array, NULL)
#27 C:\\Users\\Usuario\\Downloads\\SGN_Monalezza-main\\SGN_Monalezza-main\\vendor\\laravel\\framework\\src\\Illuminate\\Console\\Command.php(213): Illuminate\\Container\\Container->call(Array)
#28 C:\\Users\\Usuario\\Downloads\\SGN_Monalezza-main\\SGN_Monalezza-main\\vendor\\symfony\\console\\Command\\Command.php(279): Illuminate\\Console\\Command->execute(Object(Symfony\\Component\\Console\\Input\\ArrayInput), Object(Illuminate\\Console\\OutputStyle))
#29 C:\\Users\\Usuario\\Downloads\\SGN_Monalezza-main\\SGN_Monalezza-main\\vendor\\laravel\\framework\\src\\Illuminate\\Console\\Command.php(182): Symfony\\Component\\Console\\Command\\Command->run(Object(Symfony\\Component\\Console\\Input\\ArrayInput), Object(Illuminate\\Console\\OutputStyle))
#30 C:\\Users\\Usuario\\Downloads\\SGN_Monalezza-main\\SGN_Monalezza-main\\vendor\\laravel\\framework\\src\\Illuminate\\Console\\Concerns\\CallsCommands.php(67): Illuminate\\Console\\Command->run(Object(Symfony\\Component\\Console\\Input\\ArrayInput), Object(Illuminate\\Console\\OutputStyle))
#31 C:\\Users\\Usuario\\Downloads\\SGN_Monalezza-main\\SGN_Monalezza-main\\vendor\\laravel\\framework\\src\\Illuminate\\Console\\Concerns\\CallsCommands.php(28): Illuminate\\Console\\Command->runCommand('migrate', Array, Object(Illuminate\\Console\\OutputStyle))
#32 C:\\Users\\Usuario\\Downloads\\SGN_Monalezza-main\\SGN_Monalezza-main\\vendor\\laravel\\framework\\src\\Illuminate\\Database\\Console\\Migrations\\FreshCommand.php(82): Illuminate\\Console\\Command->call('migrate', Array)
#33 C:\\Users\\Usuario\\Downloads\\SGN_Monalezza-main\\SGN_Monalezza-main\\vendor\\laravel\\framework\\src\\Illuminate\\Container\\BoundMethod.php(36): Illuminate\\Database\\Console\\Migrations\\FreshCommand->handle()
#34 C:\\Users\\Usuario\\Downloads\\SGN_Monalezza-main\\SGN_Monalezza-main\\vendor\\laravel\\framework\\src\\Illuminate\\Container\\Util.php(43): Illuminate\\Container\\BoundMethod::Illuminate\\Container\\{closure}()
#35 C:\\Users\\Usuario\\Downloads\\SGN_Monalezza-main\\SGN_Monalezza-main\\vendor\\laravel\\framework\\src\\Illuminate\\Container\\BoundMethod.php(95): Illuminate\\Container\\Util::unwrapIfClosure(Object(Closure))
#36 C:\\Users\\Usuario\\Downloads\\SGN_Monalezza-main\\SGN_Monalezza-main\\vendor\\laravel\\framework\\src\\Illuminate\\Container\\BoundMethod.php(35): Illuminate\\Container\\BoundMethod::callBoundMethod(Object(Illuminate\\Foundation\\Application), Array, Object(Closure))
#37 C:\\Users\\Usuario\\Downloads\\SGN_Monalezza-main\\SGN_Monalezza-main\\vendor\\laravel\\framework\\src\\Illuminate\\Container\\Container.php(690): Illuminate\\Container\\BoundMethod::call(Object(Illuminate\\Foundation\\Application), Array, Array, NULL)
#38 C:\\Users\\Usuario\\Downloads\\SGN_Monalezza-main\\SGN_Monalezza-main\\vendor\\laravel\\framework\\src\\Illuminate\\Console\\Command.php(213): Illuminate\\Container\\Container->call(Array)
#39 C:\\Users\\Usuario\\Downloads\\SGN_Monalezza-main\\SGN_Monalezza-main\\vendor\\symfony\\console\\Command\\Command.php(279): Illuminate\\Console\\Command->execute(Object(Symfony\\Component\\Console\\Input\\ArgvInput), Object(Illuminate\\Console\\OutputStyle))
#40 C:\\Users\\Usuario\\Downloads\\SGN_Monalezza-main\\SGN_Monalezza-main\\vendor\\laravel\\framework\\src\\Illuminate\\Console\\Command.php(182): Symfony\\Component\\Console\\Command\\Command->run(Object(Symfony\\Component\\Console\\Input\\ArgvInput), Object(Illuminate\\Console\\OutputStyle))
#41 C:\\Users\\Usuario\\Downloads\\SGN_Monalezza-main\\SGN_Monalezza-main\\vendor\\symfony\\console\\Application.php(1047): Illuminate\\Console\\Command->run(Object(Symfony\\Component\\Console\\Input\\ArgvInput), Object(Symfony\\Component\\Console\\Output\\ConsoleOutput))
#42 C:\\Users\\Usuario\\Downloads\\SGN_Monalezza-main\\SGN_Monalezza-main\\vendor\\symfony\\console\\Application.php(316): Symfony\\Component\\Console\\Application->doRunCommand(Object(Illuminate\\Database\\Console\\Migrations\\FreshCommand), Object(Symfony\\Component\\Console\\Input\\ArgvInput), Object(Symfony\\Component\\Console\\Output\\ConsoleOutput))
#43 C:\\Users\\Usuario\\Downloads\\SGN_Monalezza-main\\SGN_Monalezza-main\\vendor\\symfony\\console\\Application.php(167): Symfony\\Component\\Console\\Application->doRun(Object(Symfony\\Component\\Console\\Input\\ArgvInput), Object(Symfony\\Component\\Console\\Output\\ConsoleOutput))
#44 C:\\Users\\Usuario\\Downloads\\SGN_Monalezza-main\\SGN_Monalezza-main\\vendor\\laravel\\framework\\src\\Illuminate\\Foundation\\Console\\Kernel.php(197): Symfony\\Component\\Console\\Application->run(Object(Symfony\\Component\\Console\\Input\\ArgvInput), Object(Symfony\\Component\\Console\\Output\\ConsoleOutput))
#45 C:\\Users\\Usuario\\Downloads\\SGN_Monalezza-main\\SGN_Monalezza-main\\vendor\\laravel\\framework\\src\\Illuminate\\Foundation\\Application.php(1203): Illuminate\\Foundation\\Console\\Kernel->handle(Object(Symfony\\Component\\Console\\Input\\ArgvInput), Object(Symfony\\Component\\Console\\Output\\ConsoleOutput))
#46 C:\\Users\\Usuario\\Downloads\\SGN_Monalezza-main\\SGN_Monalezza-main\\artisan(13): Illuminate\\Foundation\\Application->handleCommand(Object(Symfony\\Component\\Console\\Input\\ArgvInput))
#47 {main}
"} 
[2025-09-25 18:06:03] local.ERROR: SQLSTATE[42S01]: Base table or view already exists: 1050 Table 'detalle_efectivo' already exists (Connection: mysql, SQL: create table `detalle_efectivo` (`detalle_efectivo_pk` bigint unsigned not null auto_increment primary key, `fecha_actual` datetime not null, `efectivo_inicial` decimal(8, 2) not null) default character set utf8mb4 collate 'utf8mb4_unicode_ci') {"exception":"[object] (Illuminate\\Database\\QueryException(code: 42S01): SQLSTATE[42S01]: Base table or view already exists: 1050 Table 'detalle_efectivo' already exists (Connection: mysql, SQL: create table `detalle_efectivo` (`detalle_efectivo_pk` bigint unsigned not null auto_increment primary key, `fecha_actual` datetime not null, `efectivo_inicial` decimal(8, 2) not null) default character set utf8mb4 collate 'utf8mb4_unicode_ci') at C:\\Users\\Usuario\\Downloads\\SGN_Monalezza-main\\SGN_Monalezza-main\\vendor\\laravel\\framework\\src\\Illuminate\\Database\\Connection.php:825)
[stacktrace]
#0 C:\\Users\\Usuario\\Downloads\\SGN_Monalezza-main\\SGN_Monalezza-main\\vendor\\laravel\\framework\\src\\Illuminate\\Database\\Connection.php(779): Illuminate\\Database\\Connection->runQueryCallback('create table `d...', Array, Object(Closure))
#1 C:\\Users\\Usuario\\Downloads\\SGN_Monalezza-main\\SGN_Monalezza-main\\vendor\\laravel\\framework\\src\\Illuminate\\Database\\Connection.php(560): Illuminate\\Database\\Connection->run('create table `d...', Array, Object(Closure))
#2 C:\\Users\\Usuario\\Downloads\\SGN_Monalezza-main\\SGN_Monalezza-main\\vendor\\laravel\\framework\\src\\Illuminate\\Database\\Schema\\Blueprint.php(117): Illuminate\\Database\\Connection->statement('create table `d...')
#3 C:\\Users\\Usuario\\Downloads\\SGN_Monalezza-main\\SGN_Monalezza-main\\vendor\\laravel\\framework\\src\\Illuminate\\Database\\Schema\\Builder.php(565): Illuminate\\Database\\Schema\\Blueprint->build(Object(Illuminate\\Database\\MySqlConnection), Object(Illuminate\\Database\\Schema\\Grammars\\MySqlGrammar))
#4 C:\\Users\\Usuario\\Downloads\\SGN_Monalezza-main\\SGN_Monalezza-main\\vendor\\laravel\\framework\\src\\Illuminate\\Database\\Schema\\Builder.php(419): Illuminate\\Database\\Schema\\Builder->build(Object(Illuminate\\Database\\Schema\\Blueprint))
#5 C:\\Users\\Usuario\\Downloads\\SGN_Monalezza-main\\SGN_Monalezza-main\\vendor\\laravel\\framework\\src\\Illuminate\\Support\\Facades\\Facade.php(358): Illuminate\\Database\\Schema\\Builder->create('detalle_efectiv...', Object(Closure))
#6 C:\\Users\\Usuario\\Downloads\\SGN_Monalezza-main\\SGN_Monalezza-main\\database\\migrations\\2025_07_14_115555_create_detalle_efectivo_table.php(14): Illuminate\\Support\\Facades\\Facade::__callStatic('create', Array)
#7 C:\\Users\\Usuario\\Downloads\\SGN_Monalezza-main\\SGN_Monalezza-main\\vendor\\laravel\\framework\\src\\Illuminate\\Database\\Migrations\\Migrator.php(475): Illuminate\\Database\\Migrations\\Migration@anonymous->up()
#8 C:\\Users\\Usuario\\Downloads\\SGN_Monalezza-main\\SGN_Monalezza-main\\vendor\\laravel\\framework\\src\\Illuminate\\Database\\Migrations\\Migrator.php(400): Illuminate\\Database\\Migrations\\Migrator->runMethod(Object(Illuminate\\Database\\MySqlConnection), Object(Illuminate\\Database\\Migrations\\Migration@anonymous), 'up')
#9 C:\\Users\\Usuario\\Downloads\\SGN_Monalezza-main\\SGN_Monalezza-main\\vendor\\laravel\\framework\\src\\Illuminate\\Database\\Migrations\\Migrator.php(409): Illuminate\\Database\\Migrations\\Migrator->Illuminate\\Database\\Migrations\\{closure}()
#10 C:\\Users\\Usuario\\Downloads\\SGN_Monalezza-main\\SGN_Monalezza-main\\vendor\\laravel\\framework\\src\\Illuminate\\Database\\Migrations\\Migrator.php(212): Illuminate\\Database\\Migrations\\Migrator->runMigration(Object(Illuminate\\Database\\Migrations\\Migration@anonymous), 'up')
#11 C:\\Users\\Usuario\\Downloads\\SGN_Monalezza-main\\SGN_Monalezza-main\\vendor\\laravel\\framework\\src\\Illuminate\\Console\\View\\Components\\Task.php(40): Illuminate\\Database\\Migrations\\Migrator->Illuminate\\Database\\Migrations\\{closure}()
#12 C:\\Users\\Usuario\\Downloads\\SGN_Monalezza-main\\SGN_Monalezza-main\\vendor\\laravel\\framework\\src\\Illuminate\\Database\\Migrations\\Migrator.php(736): Illuminate\\Console\\View\\Components\\Task->render('2025_07_14_1155...', Object(Closure))
#13 C:\\Users\\Usuario\\Downloads\\SGN_Monalezza-main\\SGN_Monalezza-main\\vendor\\laravel\\framework\\src\\Illuminate\\Database\\Migrations\\Migrator.php(212): Illuminate\\Database\\Migrations\\Migrator->write('Illuminate\\\\Cons...', '2025_07_14_1155...', Object(Closure))
#14 C:\\Users\\Usuario\\Downloads\\SGN_Monalezza-main\\SGN_Monalezza-main\\vendor\\laravel\\framework\\src\\Illuminate\\Database\\Migrations\\Migrator.php(179): Illuminate\\Database\\Migrations\\Migrator->runUp('C:\\\\Users\\\\Usuari...', 1, false)
#15 C:\\Users\\Usuario\\Downloads\\SGN_Monalezza-main\\SGN_Monalezza-main\\vendor\\laravel\\framework\\src\\Illuminate\\Database\\Migrations\\Migrator.php(122): Illuminate\\Database\\Migrations\\Migrator->runPending(Array, Array)
#16 C:\\Users\\Usuario\\Downloads\\SGN_Monalezza-main\\SGN_Monalezza-main\\vendor\\laravel\\framework\\src\\Illuminate\\Database\\Console\\Migrations\\MigrateCommand.php(116): Illuminate\\Database\\Migrations\\Migrator->run(Array, Array)
#17 C:\\Users\\Usuario\\Downloads\\SGN_Monalezza-main\\SGN_Monalezza-main\\vendor\\laravel\\framework\\src\\Illuminate\\Database\\Migrations\\Migrator.php(615): Illuminate\\Database\\Console\\Migrations\\MigrateCommand->Illuminate\\Database\\Console\\Migrations\\{closure}()
#18 C:\\Users\\Usuario\\Downloads\\SGN_Monalezza-main\\SGN_Monalezza-main\\vendor\\laravel\\framework\\src\\Illuminate\\Database\\Console\\Migrations\\MigrateCommand.php(109): Illuminate\\Database\\Migrations\\Migrator->usingConnection(NULL, Object(Closure))
#19 C:\\Users\\Usuario\\Downloads\\SGN_Monalezza-main\\SGN_Monalezza-main\\vendor\\laravel\\framework\\src\\Illuminate\\Database\\Console\\Migrations\\MigrateCommand.php(88): Illuminate\\Database\\Console\\Migrations\\MigrateCommand->runMigrations()
#20 C:\\Users\\Usuario\\Downloads\\SGN_Monalezza-main\\SGN_Monalezza-main\\vendor\\laravel\\framework\\src\\Illuminate\\Container\\BoundMethod.php(36): Illuminate\\Database\\Console\\Migrations\\MigrateCommand->handle()
#21 C:\\Users\\Usuario\\Downloads\\SGN_Monalezza-main\\SGN_Monalezza-main\\vendor\\laravel\\framework\\src\\Illuminate\\Container\\Util.php(43): Illuminate\\Container\\BoundMethod::Illuminate\\Container\\{closure}()
#22 C:\\Users\\Usuario\\Downloads\\SGN_Monalezza-main\\SGN_Monalezza-main\\vendor\\laravel\\framework\\src\\Illuminate\\Container\\BoundMethod.php(95): Illuminate\\Container\\Util::unwrapIfClosure(Object(Closure))
#23 C:\\Users\\Usuario\\Downloads\\SGN_Monalezza-main\\SGN_Monalezza-main\\vendor\\laravel\\framework\\src\\Illuminate\\Container\\BoundMethod.php(35): Illuminate\\Container\\BoundMethod::callBoundMethod(Object(Illuminate\\Foundation\\Application), Array, Object(Closure))
#24 C:\\Users\\Usuario\\Downloads\\SGN_Monalezza-main\\SGN_Monalezza-main\\vendor\\laravel\\framework\\src\\Illuminate\\Container\\Container.php(690): Illuminate\\Container\\BoundMethod::call(Object(Illuminate\\Foundation\\Application), Array, Array, NULL)
#25 C:\\Users\\Usuario\\Downloads\\SGN_Monalezza-main\\SGN_Monalezza-main\\vendor\\laravel\\framework\\src\\Illuminate\\Console\\Command.php(213): Illuminate\\Container\\Container->call(Array)
#26 C:\\Users\\Usuario\\Downloads\\SGN_Monalezza-main\\SGN_Monalezza-main\\vendor\\symfony\\console\\Command\\Command.php(279): Illuminate\\Console\\Command->execute(Object(Symfony\\Component\\Console\\Input\\ArrayInput), Object(Illuminate\\Console\\OutputStyle))
#27 C:\\Users\\Usuario\\Downloads\\SGN_Monalezza-main\\SGN_Monalezza-main\\vendor\\laravel\\framework\\src\\Illuminate\\Console\\Command.php(182): Symfony\\Component\\Console\\Command\\Command->run(Object(Symfony\\Component\\Console\\Input\\ArrayInput), Object(Illuminate\\Console\\OutputStyle))
#28 C:\\Users\\Usuario\\Downloads\\SGN_Monalezza-main\\SGN_Monalezza-main\\vendor\\laravel\\framework\\src\\Illuminate\\Console\\Concerns\\CallsCommands.php(67): Illuminate\\Console\\Command->run(Object(Symfony\\Component\\Console\\Input\\ArrayInput), Object(Illuminate\\Console\\OutputStyle))
#29 C:\\Users\\Usuario\\Downloads\\SGN_Monalezza-main\\SGN_Monalezza-main\\vendor\\laravel\\framework\\src\\Illuminate\\Console\\Concerns\\CallsCommands.php(28): Illuminate\\Console\\Command->runCommand('migrate', Array, Object(Illuminate\\Console\\OutputStyle))
#30 C:\\Users\\Usuario\\Downloads\\SGN_Monalezza-main\\SGN_Monalezza-main\\vendor\\laravel\\framework\\src\\Illuminate\\Database\\Console\\Migrations\\FreshCommand.php(82): Illuminate\\Console\\Command->call('migrate', Array)
#31 C:\\Users\\Usuario\\Downloads\\SGN_Monalezza-main\\SGN_Monalezza-main\\vendor\\laravel\\framework\\src\\Illuminate\\Container\\BoundMethod.php(36): Illuminate\\Database\\Console\\Migrations\\FreshCommand->handle()
#32 C:\\Users\\Usuario\\Downloads\\SGN_Monalezza-main\\SGN_Monalezza-main\\vendor\\laravel\\framework\\src\\Illuminate\\Container\\Util.php(43): Illuminate\\Container\\BoundMethod::Illuminate\\Container\\{closure}()
#33 C:\\Users\\Usuario\\Downloads\\SGN_Monalezza-main\\SGN_Monalezza-main\\vendor\\laravel\\framework\\src\\Illuminate\\Container\\BoundMethod.php(95): Illuminate\\Container\\Util::unwrapIfClosure(Object(Closure))
#34 C:\\Users\\Usuario\\Downloads\\SGN_Monalezza-main\\SGN_Monalezza-main\\vendor\\laravel\\framework\\src\\Illuminate\\Container\\BoundMethod.php(35): Illuminate\\Container\\BoundMethod::callBoundMethod(Object(Illuminate\\Foundation\\Application), Array, Object(Closure))
#35 C:\\Users\\Usuario\\Downloads\\SGN_Monalezza-main\\SGN_Monalezza-main\\vendor\\laravel\\framework\\src\\Illuminate\\Container\\Container.php(690): Illuminate\\Container\\BoundMethod::call(Object(Illuminate\\Foundation\\Application), Array, Array, NULL)
#36 C:\\Users\\Usuario\\Downloads\\SGN_Monalezza-main\\SGN_Monalezza-main\\vendor\\laravel\\framework\\src\\Illuminate\\Console\\Command.php(213): Illuminate\\Container\\Container->call(Array)
#37 C:\\Users\\Usuario\\Downloads\\SGN_Monalezza-main\\SGN_Monalezza-main\\vendor\\symfony\\console\\Command\\Command.php(279): Illuminate\\Console\\Command->execute(Object(Symfony\\Component\\Console\\Input\\ArgvInput), Object(Illuminate\\Console\\OutputStyle))
#38 C:\\Users\\Usuario\\Downloads\\SGN_Monalezza-main\\SGN_Monalezza-main\\vendor\\laravel\\framework\\src\\Illuminate\\Console\\Command.php(182): Symfony\\Component\\Console\\Command\\Command->run(Object(Symfony\\Component\\Console\\Input\\ArgvInput), Object(Illuminate\\Console\\OutputStyle))
#39 C:\\Users\\Usuario\\Downloads\\SGN_Monalezza-main\\SGN_Monalezza-main\\vendor\\symfony\\console\\Application.php(1047): Illuminate\\Console\\Command->run(Object(Symfony\\Component\\Console\\Input\\ArgvInput), Object(Symfony\\Component\\Console\\Output\\ConsoleOutput))
#40 C:\\Users\\Usuario\\Downloads\\SGN_Monalezza-main\\SGN_Monalezza-main\\vendor\\symfony\\console\\Application.php(316): Symfony\\Component\\Console\\Application->doRunCommand(Object(Illuminate\\Database\\Console\\Migrations\\FreshCommand), Object(Symfony\\Component\\Console\\Input\\ArgvInput), Object(Symfony\\Component\\Console\\Output\\ConsoleOutput))
#41 C:\\Users\\Usuario\\Downloads\\SGN_Monalezza-main\\SGN_Monalezza-main\\vendor\\symfony\\console\\Application.php(167): Symfony\\Component\\Console\\Application->doRun(Object(Symfony\\Component\\Console\\Input\\ArgvInput), Object(Symfony\\Component\\Console\\Output\\ConsoleOutput))
#42 C:\\Users\\Usuario\\Downloads\\SGN_Monalezza-main\\SGN_Monalezza-main\\vendor\\laravel\\framework\\src\\Illuminate\\Foundation\\Console\\Kernel.php(197): Symfony\\Component\\Console\\Application->run(Object(Symfony\\Component\\Console\\Input\\ArgvInput), Object(Symfony\\Component\\Console\\Output\\ConsoleOutput))
#43 C:\\Users\\Usuario\\Downloads\\SGN_Monalezza-main\\SGN_Monalezza-main\\vendor\\laravel\\framework\\src\\Illuminate\\Foundation\\Application.php(1203): Illuminate\\Foundation\\Console\\Kernel->handle(Object(Symfony\\Component\\Console\\Input\\ArgvInput), Object(Symfony\\Component\\Console\\Output\\ConsoleOutput))
#44 C:\\Users\\Usuario\\Downloads\\SGN_Monalezza-main\\SGN_Monalezza-main\\artisan(13): Illuminate\\Foundation\\Application->handleCommand(Object(Symfony\\Component\\Console\\Input\\ArgvInput))
#45 {main}

[previous exception] [object] (PDOException(code: 42S01): SQLSTATE[42S01]: Base table or view already exists: 1050 Table 'detalle_efectivo' already exists at C:\\Users\\Usuario\\Downloads\\SGN_Monalezza-main\\SGN_Monalezza-main\\vendor\\laravel\\framework\\src\\Illuminate\\Database\\Connection.php:571)
[stacktrace]
#0 C:\\Users\\Usuario\\Downloads\\SGN_Monalezza-main\\SGN_Monalezza-main\\vendor\\laravel\\framework\\src\\Illuminate\\Database\\Connection.php(571): PDOStatement->execute()
#1 C:\\Users\\Usuario\\Downloads\\SGN_Monalezza-main\\SGN_Monalezza-main\\vendor\\laravel\\framework\\src\\Illuminate\\Database\\Connection.php(812): Illuminate\\Database\\Connection->Illuminate\\Database\\{closure}('create table `d...', Array)
#2 C:\\Users\\Usuario\\Downloads\\SGN_Monalezza-main\\SGN_Monalezza-main\\vendor\\laravel\\framework\\src\\Illuminate\\Database\\Connection.php(779): Illuminate\\Database\\Connection->runQueryCallback('create table `d...', Array, Object(Closure))
#3 C:\\Users\\Usuario\\Downloads\\SGN_Monalezza-main\\SGN_Monalezza-main\\vendor\\laravel\\framework\\src\\Illuminate\\Database\\Connection.php(560): Illuminate\\Database\\Connection->run('create table `d...', Array, Object(Closure))
#4 C:\\Users\\Usuario\\Downloads\\SGN_Monalezza-main\\SGN_Monalezza-main\\vendor\\laravel\\framework\\src\\Illuminate\\Database\\Schema\\Blueprint.php(117): Illuminate\\Database\\Connection->statement('create table `d...')
#5 C:\\Users\\Usuario\\Downloads\\SGN_Monalezza-main\\SGN_Monalezza-main\\vendor\\laravel\\framework\\src\\Illuminate\\Database\\Schema\\Builder.php(565): Illuminate\\Database\\Schema\\Blueprint->build(Object(Illuminate\\Database\\MySqlConnection), Object(Illuminate\\Database\\Schema\\Grammars\\MySqlGrammar))
#6 C:\\Users\\Usuario\\Downloads\\SGN_Monalezza-main\\SGN_Monalezza-main\\vendor\\laravel\\framework\\src\\Illuminate\\Database\\Schema\\Builder.php(419): Illuminate\\Database\\Schema\\Builder->build(Object(Illuminate\\Database\\Schema\\Blueprint))
#7 C:\\Users\\Usuario\\Downloads\\SGN_Monalezza-main\\SGN_Monalezza-main\\vendor\\laravel\\framework\\src\\Illuminate\\Support\\Facades\\Facade.php(358): Illuminate\\Database\\Schema\\Builder->create('detalle_efectiv...', Object(Closure))
#8 C:\\Users\\Usuario\\Downloads\\SGN_Monalezza-main\\SGN_Monalezza-main\\database\\migrations\\2025_07_14_115555_create_detalle_efectivo_table.php(14): Illuminate\\Support\\Facades\\Facade::__callStatic('create', Array)
#9 C:\\Users\\Usuario\\Downloads\\SGN_Monalezza-main\\SGN_Monalezza-main\\vendor\\laravel\\framework\\src\\Illuminate\\Database\\Migrations\\Migrator.php(475): Illuminate\\Database\\Migrations\\Migration@anonymous->up()
#10 C:\\Users\\Usuario\\Downloads\\SGN_Monalezza-main\\SGN_Monalezza-main\\vendor\\laravel\\framework\\src\\Illuminate\\Database\\Migrations\\Migrator.php(400): Illuminate\\Database\\Migrations\\Migrator->runMethod(Object(Illuminate\\Database\\MySqlConnection), Object(Illuminate\\Database\\Migrations\\Migration@anonymous), 'up')
#11 C:\\Users\\Usuario\\Downloads\\SGN_Monalezza-main\\SGN_Monalezza-main\\vendor\\laravel\\framework\\src\\Illuminate\\Database\\Migrations\\Migrator.php(409): Illuminate\\Database\\Migrations\\Migrator->Illuminate\\Database\\Migrations\\{closure}()
#12 C:\\Users\\Usuario\\Downloads\\SGN_Monalezza-main\\SGN_Monalezza-main\\vendor\\laravel\\framework\\src\\Illuminate\\Database\\Migrations\\Migrator.php(212): Illuminate\\Database\\Migrations\\Migrator->runMigration(Object(Illuminate\\Database\\Migrations\\Migration@anonymous), 'up')
#13 C:\\Users\\Usuario\\Downloads\\SGN_Monalezza-main\\SGN_Monalezza-main\\vendor\\laravel\\framework\\src\\Illuminate\\Console\\View\\Components\\Task.php(40): Illuminate\\Database\\Migrations\\Migrator->Illuminate\\Database\\Migrations\\{closure}()
#14 C:\\Users\\Usuario\\Downloads\\SGN_Monalezza-main\\SGN_Monalezza-main\\vendor\\laravel\\framework\\src\\Illuminate\\Database\\Migrations\\Migrator.php(736): Illuminate\\Console\\View\\Components\\Task->render('2025_07_14_1155...', Object(Closure))
#15 C:\\Users\\Usuario\\Downloads\\SGN_Monalezza-main\\SGN_Monalezza-main\\vendor\\laravel\\framework\\src\\Illuminate\\Database\\Migrations\\Migrator.php(212): Illuminate\\Database\\Migrations\\Migrator->write('Illuminate\\\\Cons...', '2025_07_14_1155...', Object(Closure))
#16 C:\\Users\\Usuario\\Downloads\\SGN_Monalezza-main\\SGN_Monalezza-main\\vendor\\laravel\\framework\\src\\Illuminate\\Database\\Migrations\\Migrator.php(179): Illuminate\\Database\\Migrations\\Migrator->runUp('C:\\\\Users\\\\Usuari...', 1, false)
#17 C:\\Users\\Usuario\\Downloads\\SGN_Monalezza-main\\SGN_Monalezza-main\\vendor\\laravel\\framework\\src\\Illuminate\\Database\\Migrations\\Migrator.php(122): Illuminate\\Database\\Migrations\\Migrator->runPending(Array, Array)
#18 C:\\Users\\Usuario\\Downloads\\SGN_Monalezza-main\\SGN_Monalezza-main\\vendor\\laravel\\framework\\src\\Illuminate\\Database\\Console\\Migrations\\MigrateCommand.php(116): Illuminate\\Database\\Migrations\\Migrator->run(Array, Array)
#19 C:\\Users\\Usuario\\Downloads\\SGN_Monalezza-main\\SGN_Monalezza-main\\vendor\\laravel\\framework\\src\\Illuminate\\Database\\Migrations\\Migrator.php(615): Illuminate\\Database\\Console\\Migrations\\MigrateCommand->Illuminate\\Database\\Console\\Migrations\\{closure}()
#20 C:\\Users\\Usuario\\Downloads\\SGN_Monalezza-main\\SGN_Monalezza-main\\vendor\\laravel\\framework\\src\\Illuminate\\Database\\Console\\Migrations\\MigrateCommand.php(109): Illuminate\\Database\\Migrations\\Migrator->usingConnection(NULL, Object(Closure))
#21 C:\\Users\\Usuario\\Downloads\\SGN_Monalezza-main\\SGN_Monalezza-main\\vendor\\laravel\\framework\\src\\Illuminate\\Database\\Console\\Migrations\\MigrateCommand.php(88): Illuminate\\Database\\Console\\Migrations\\MigrateCommand->runMigrations()
#22 C:\\Users\\Usuario\\Downloads\\SGN_Monalezza-main\\SGN_Monalezza-main\\vendor\\laravel\\framework\\src\\Illuminate\\Container\\BoundMethod.php(36): Illuminate\\Database\\Console\\Migrations\\MigrateCommand->handle()
#23 C:\\Users\\Usuario\\Downloads\\SGN_Monalezza-main\\SGN_Monalezza-main\\vendor\\laravel\\framework\\src\\Illuminate\\Container\\Util.php(43): Illuminate\\Container\\BoundMethod::Illuminate\\Container\\{closure}()
#24 C:\\Users\\Usuario\\Downloads\\SGN_Monalezza-main\\SGN_Monalezza-main\\vendor\\laravel\\framework\\src\\Illuminate\\Container\\BoundMethod.php(95): Illuminate\\Container\\Util::unwrapIfClosure(Object(Closure))
#25 C:\\Users\\Usuario\\Downloads\\SGN_Monalezza-main\\SGN_Monalezza-main\\vendor\\laravel\\framework\\src\\Illuminate\\Container\\BoundMethod.php(35): Illuminate\\Container\\BoundMethod::callBoundMethod(Object(Illuminate\\Foundation\\Application), Array, Object(Closure))
#26 C:\\Users\\Usuario\\Downloads\\SGN_Monalezza-main\\SGN_Monalezza-main\\vendor\\laravel\\framework\\src\\Illuminate\\Container\\Container.php(690): Illuminate\\Container\\BoundMethod::call(Object(Illuminate\\Foundation\\Application), Array, Array, NULL)
#27 C:\\Users\\Usuario\\Downloads\\SGN_Monalezza-main\\SGN_Monalezza-main\\vendor\\laravel\\framework\\src\\Illuminate\\Console\\Command.php(213): Illuminate\\Container\\Container->call(Array)
#28 C:\\Users\\Usuario\\Downloads\\SGN_Monalezza-main\\SGN_Monalezza-main\\vendor\\symfony\\console\\Command\\Command.php(279): Illuminate\\Console\\Command->execute(Object(Symfony\\Component\\Console\\Input\\ArrayInput), Object(Illuminate\\Console\\OutputStyle))
#29 C:\\Users\\Usuario\\Downloads\\SGN_Monalezza-main\\SGN_Monalezza-main\\vendor\\laravel\\framework\\src\\Illuminate\\Console\\Command.php(182): Symfony\\Component\\Console\\Command\\Command->run(Object(Symfony\\Component\\Console\\Input\\ArrayInput), Object(Illuminate\\Console\\OutputStyle))
#30 C:\\Users\\Usuario\\Downloads\\SGN_Monalezza-main\\SGN_Monalezza-main\\vendor\\laravel\\framework\\src\\Illuminate\\Console\\Concerns\\CallsCommands.php(67): Illuminate\\Console\\Command->run(Object(Symfony\\Component\\Console\\Input\\ArrayInput), Object(Illuminate\\Console\\OutputStyle))
#31 C:\\Users\\Usuario\\Downloads\\SGN_Monalezza-main\\SGN_Monalezza-main\\vendor\\laravel\\framework\\src\\Illuminate\\Console\\Concerns\\CallsCommands.php(28): Illuminate\\Console\\Command->runCommand('migrate', Array, Object(Illuminate\\Console\\OutputStyle))
#32 C:\\Users\\Usuario\\Downloads\\SGN_Monalezza-main\\SGN_Monalezza-main\\vendor\\laravel\\framework\\src\\Illuminate\\Database\\Console\\Migrations\\FreshCommand.php(82): Illuminate\\Console\\Command->call('migrate', Array)
#33 C:\\Users\\Usuario\\Downloads\\SGN_Monalezza-main\\SGN_Monalezza-main\\vendor\\laravel\\framework\\src\\Illuminate\\Container\\BoundMethod.php(36): Illuminate\\Database\\Console\\Migrations\\FreshCommand->handle()
#34 C:\\Users\\Usuario\\Downloads\\SGN_Monalezza-main\\SGN_Monalezza-main\\vendor\\laravel\\framework\\src\\Illuminate\\Container\\Util.php(43): Illuminate\\Container\\BoundMethod::Illuminate\\Container\\{closure}()
#35 C:\\Users\\Usuario\\Downloads\\SGN_Monalezza-main\\SGN_Monalezza-main\\vendor\\laravel\\framework\\src\\Illuminate\\Container\\BoundMethod.php(95): Illuminate\\Container\\Util::unwrapIfClosure(Object(Closure))
#36 C:\\Users\\Usuario\\Downloads\\SGN_Monalezza-main\\SGN_Monalezza-main\\vendor\\laravel\\framework\\src\\Illuminate\\Container\\BoundMethod.php(35): Illuminate\\Container\\BoundMethod::callBoundMethod(Object(Illuminate\\Foundation\\Application), Array, Object(Closure))
#37 C:\\Users\\Usuario\\Downloads\\SGN_Monalezza-main\\SGN_Monalezza-main\\vendor\\laravel\\framework\\src\\Illuminate\\Container\\Container.php(690): Illuminate\\Container\\BoundMethod::call(Object(Illuminate\\Foundation\\Application), Array, Array, NULL)
#38 C:\\Users\\Usuario\\Downloads\\SGN_Monalezza-main\\SGN_Monalezza-main\\vendor\\laravel\\framework\\src\\Illuminate\\Console\\Command.php(213): Illuminate\\Container\\Container->call(Array)
#39 C:\\Users\\Usuario\\Downloads\\SGN_Monalezza-main\\SGN_Monalezza-main\\vendor\\symfony\\console\\Command\\Command.php(279): Illuminate\\Console\\Command->execute(Object(Symfony\\Component\\Console\\Input\\ArgvInput), Object(Illuminate\\Console\\OutputStyle))
#40 C:\\Users\\Usuario\\Downloads\\SGN_Monalezza-main\\SGN_Monalezza-main\\vendor\\laravel\\framework\\src\\Illuminate\\Console\\Command.php(182): Symfony\\Component\\Console\\Command\\Command->run(Object(Symfony\\Component\\Console\\Input\\ArgvInput), Object(Illuminate\\Console\\OutputStyle))
#41 C:\\Users\\Usuario\\Downloads\\SGN_Monalezza-main\\SGN_Monalezza-main\\vendor\\symfony\\console\\Application.php(1047): Illuminate\\Console\\Command->run(Object(Symfony\\Component\\Console\\Input\\ArgvInput), Object(Symfony\\Component\\Console\\Output\\ConsoleOutput))
#42 C:\\Users\\Usuario\\Downloads\\SGN_Monalezza-main\\SGN_Monalezza-main\\vendor\\symfony\\console\\Application.php(316): Symfony\\Component\\Console\\Application->doRunCommand(Object(Illuminate\\Database\\Console\\Migrations\\FreshCommand), Object(Symfony\\Component\\Console\\Input\\ArgvInput), Object(Symfony\\Component\\Console\\Output\\ConsoleOutput))
#43 C:\\Users\\Usuario\\Downloads\\SGN_Monalezza-main\\SGN_Monalezza-main\\vendor\\symfony\\console\\Application.php(167): Symfony\\Component\\Console\\Application->doRun(Object(Symfony\\Component\\Console\\Input\\ArgvInput), Object(Symfony\\Component\\Console\\Output\\ConsoleOutput))
#44 C:\\Users\\Usuario\\Downloads\\SGN_Monalezza-main\\SGN_Monalezza-main\\vendor\\laravel\\framework\\src\\Illuminate\\Foundation\\Console\\Kernel.php(197): Symfony\\Component\\Console\\Application->run(Object(Symfony\\Component\\Console\\Input\\ArgvInput), Object(Symfony\\Component\\Console\\Output\\ConsoleOutput))
#45 C:\\Users\\Usuario\\Downloads\\SGN_Monalezza-main\\SGN_Monalezza-main\\vendor\\laravel\\framework\\src\\Illuminate\\Foundation\\Application.php(1203): Illuminate\\Foundation\\Console\\Kernel->handle(Object(Symfony\\Component\\Console\\Input\\ArgvInput), Object(Symfony\\Component\\Console\\Output\\ConsoleOutput))
#46 C:\\Users\\Usuario\\Downloads\\SGN_Monalezza-main\\SGN_Monalezza-main\\artisan(13): Illuminate\\Foundation\\Application->handleCommand(Object(Symfony\\Component\\Console\\Input\\ArgvInput))
#47 {main}
"} 
[2025-09-25 18:06:25] local.ERROR: SQLSTATE[42S01]: Base table or view already exists: 1050 Table 'detalle_efectivo' already exists (Connection: mysql, SQL: create table `detalle_efectivo` (`detalle_efectivo_pk` bigint unsigned not null auto_increment primary key, `fecha_actual` datetime not null, `efectivo_inicial` decimal(8, 2) not null) default character set utf8mb4 collate 'utf8mb4_unicode_ci') {"exception":"[object] (Illuminate\\Database\\QueryException(code: 42S01): SQLSTATE[42S01]: Base table or view already exists: 1050 Table 'detalle_efectivo' already exists (Connection: mysql, SQL: create table `detalle_efectivo` (`detalle_efectivo_pk` bigint unsigned not null auto_increment primary key, `fecha_actual` datetime not null, `efectivo_inicial` decimal(8, 2) not null) default character set utf8mb4 collate 'utf8mb4_unicode_ci') at C:\\Users\\Usuario\\Downloads\\SGN_Monalezza-main\\SGN_Monalezza-main\\vendor\\laravel\\framework\\src\\Illuminate\\Database\\Connection.php:825)
[stacktrace]
#0 C:\\Users\\Usuario\\Downloads\\SGN_Monalezza-main\\SGN_Monalezza-main\\vendor\\laravel\\framework\\src\\Illuminate\\Database\\Connection.php(779): Illuminate\\Database\\Connection->runQueryCallback('create table `d...', Array, Object(Closure))
#1 C:\\Users\\Usuario\\Downloads\\SGN_Monalezza-main\\SGN_Monalezza-main\\vendor\\laravel\\framework\\src\\Illuminate\\Database\\Connection.php(560): Illuminate\\Database\\Connection->run('create table `d...', Array, Object(Closure))
#2 C:\\Users\\Usuario\\Downloads\\SGN_Monalezza-main\\SGN_Monalezza-main\\vendor\\laravel\\framework\\src\\Illuminate\\Database\\Schema\\Blueprint.php(117): Illuminate\\Database\\Connection->statement('create table `d...')
#3 C:\\Users\\Usuario\\Downloads\\SGN_Monalezza-main\\SGN_Monalezza-main\\vendor\\laravel\\framework\\src\\Illuminate\\Database\\Schema\\Builder.php(565): Illuminate\\Database\\Schema\\Blueprint->build(Object(Illuminate\\Database\\MySqlConnection), Object(Illuminate\\Database\\Schema\\Grammars\\MySqlGrammar))
#4 C:\\Users\\Usuario\\Downloads\\SGN_Monalezza-main\\SGN_Monalezza-main\\vendor\\laravel\\framework\\src\\Illuminate\\Database\\Schema\\Builder.php(419): Illuminate\\Database\\Schema\\Builder->build(Object(Illuminate\\Database\\Schema\\Blueprint))
#5 C:\\Users\\Usuario\\Downloads\\SGN_Monalezza-main\\SGN_Monalezza-main\\vendor\\laravel\\framework\\src\\Illuminate\\Support\\Facades\\Facade.php(358): Illuminate\\Database\\Schema\\Builder->create('detalle_efectiv...', Object(Closure))
#6 C:\\Users\\Usuario\\Downloads\\SGN_Monalezza-main\\SGN_Monalezza-main\\database\\migrations\\2025_07_14_115555_create_detalle_efectivo_table.php(14): Illuminate\\Support\\Facades\\Facade::__callStatic('create', Array)
#7 C:\\Users\\Usuario\\Downloads\\SGN_Monalezza-main\\SGN_Monalezza-main\\vendor\\laravel\\framework\\src\\Illuminate\\Database\\Migrations\\Migrator.php(475): Illuminate\\Database\\Migrations\\Migration@anonymous->up()
#8 C:\\Users\\Usuario\\Downloads\\SGN_Monalezza-main\\SGN_Monalezza-main\\vendor\\laravel\\framework\\src\\Illuminate\\Database\\Migrations\\Migrator.php(400): Illuminate\\Database\\Migrations\\Migrator->runMethod(Object(Illuminate\\Database\\MySqlConnection), Object(Illuminate\\Database\\Migrations\\Migration@anonymous), 'up')
#9 C:\\Users\\Usuario\\Downloads\\SGN_Monalezza-main\\SGN_Monalezza-main\\vendor\\laravel\\framework\\src\\Illuminate\\Database\\Migrations\\Migrator.php(409): Illuminate\\Database\\Migrations\\Migrator->Illuminate\\Database\\Migrations\\{closure}()
#10 C:\\Users\\Usuario\\Downloads\\SGN_Monalezza-main\\SGN_Monalezza-main\\vendor\\laravel\\framework\\src\\Illuminate\\Database\\Migrations\\Migrator.php(212): Illuminate\\Database\\Migrations\\Migrator->runMigration(Object(Illuminate\\Database\\Migrations\\Migration@anonymous), 'up')
#11 C:\\Users\\Usuario\\Downloads\\SGN_Monalezza-main\\SGN_Monalezza-main\\vendor\\laravel\\framework\\src\\Illuminate\\Console\\View\\Components\\Task.php(40): Illuminate\\Database\\Migrations\\Migrator->Illuminate\\Database\\Migrations\\{closure}()
#12 C:\\Users\\Usuario\\Downloads\\SGN_Monalezza-main\\SGN_Monalezza-main\\vendor\\laravel\\framework\\src\\Illuminate\\Database\\Migrations\\Migrator.php(736): Illuminate\\Console\\View\\Components\\Task->render('2025_07_14_1155...', Object(Closure))
#13 C:\\Users\\Usuario\\Downloads\\SGN_Monalezza-main\\SGN_Monalezza-main\\vendor\\laravel\\framework\\src\\Illuminate\\Database\\Migrations\\Migrator.php(212): Illuminate\\Database\\Migrations\\Migrator->write('Illuminate\\\\Cons...', '2025_07_14_1155...', Object(Closure))
#14 C:\\Users\\Usuario\\Downloads\\SGN_Monalezza-main\\SGN_Monalezza-main\\vendor\\laravel\\framework\\src\\Illuminate\\Database\\Migrations\\Migrator.php(179): Illuminate\\Database\\Migrations\\Migrator->runUp('C:\\\\Users\\\\Usuari...', 1, false)
#15 C:\\Users\\Usuario\\Downloads\\SGN_Monalezza-main\\SGN_Monalezza-main\\vendor\\laravel\\framework\\src\\Illuminate\\Database\\Migrations\\Migrator.php(122): Illuminate\\Database\\Migrations\\Migrator->runPending(Array, Array)
#16 C:\\Users\\Usuario\\Downloads\\SGN_Monalezza-main\\SGN_Monalezza-main\\vendor\\laravel\\framework\\src\\Illuminate\\Database\\Console\\Migrations\\MigrateCommand.php(116): Illuminate\\Database\\Migrations\\Migrator->run(Array, Array)
#17 C:\\Users\\Usuario\\Downloads\\SGN_Monalezza-main\\SGN_Monalezza-main\\vendor\\laravel\\framework\\src\\Illuminate\\Database\\Migrations\\Migrator.php(615): Illuminate\\Database\\Console\\Migrations\\MigrateCommand->Illuminate\\Database\\Console\\Migrations\\{closure}()
#18 C:\\Users\\Usuario\\Downloads\\SGN_Monalezza-main\\SGN_Monalezza-main\\vendor\\laravel\\framework\\src\\Illuminate\\Database\\Console\\Migrations\\MigrateCommand.php(109): Illuminate\\Database\\Migrations\\Migrator->usingConnection(NULL, Object(Closure))
#19 C:\\Users\\Usuario\\Downloads\\SGN_Monalezza-main\\SGN_Monalezza-main\\vendor\\laravel\\framework\\src\\Illuminate\\Database\\Console\\Migrations\\MigrateCommand.php(88): Illuminate\\Database\\Console\\Migrations\\MigrateCommand->runMigrations()
#20 C:\\Users\\Usuario\\Downloads\\SGN_Monalezza-main\\SGN_Monalezza-main\\vendor\\laravel\\framework\\src\\Illuminate\\Container\\BoundMethod.php(36): Illuminate\\Database\\Console\\Migrations\\MigrateCommand->handle()
#21 C:\\Users\\Usuario\\Downloads\\SGN_Monalezza-main\\SGN_Monalezza-main\\vendor\\laravel\\framework\\src\\Illuminate\\Container\\Util.php(43): Illuminate\\Container\\BoundMethod::Illuminate\\Container\\{closure}()
#22 C:\\Users\\Usuario\\Downloads\\SGN_Monalezza-main\\SGN_Monalezza-main\\vendor\\laravel\\framework\\src\\Illuminate\\Container\\BoundMethod.php(95): Illuminate\\Container\\Util::unwrapIfClosure(Object(Closure))
#23 C:\\Users\\Usuario\\Downloads\\SGN_Monalezza-main\\SGN_Monalezza-main\\vendor\\laravel\\framework\\src\\Illuminate\\Container\\BoundMethod.php(35): Illuminate\\Container\\BoundMethod::callBoundMethod(Object(Illuminate\\Foundation\\Application), Array, Object(Closure))
#24 C:\\Users\\Usuario\\Downloads\\SGN_Monalezza-main\\SGN_Monalezza-main\\vendor\\laravel\\framework\\src\\Illuminate\\Container\\Container.php(690): Illuminate\\Container\\BoundMethod::call(Object(Illuminate\\Foundation\\Application), Array, Array, NULL)
#25 C:\\Users\\Usuario\\Downloads\\SGN_Monalezza-main\\SGN_Monalezza-main\\vendor\\laravel\\framework\\src\\Illuminate\\Console\\Command.php(213): Illuminate\\Container\\Container->call(Array)
#26 C:\\Users\\Usuario\\Downloads\\SGN_Monalezza-main\\SGN_Monalezza-main\\vendor\\symfony\\console\\Command\\Command.php(279): Illuminate\\Console\\Command->execute(Object(Symfony\\Component\\Console\\Input\\ArrayInput), Object(Illuminate\\Console\\OutputStyle))
#27 C:\\Users\\Usuario\\Downloads\\SGN_Monalezza-main\\SGN_Monalezza-main\\vendor\\laravel\\framework\\src\\Illuminate\\Console\\Command.php(182): Symfony\\Component\\Console\\Command\\Command->run(Object(Symfony\\Component\\Console\\Input\\ArrayInput), Object(Illuminate\\Console\\OutputStyle))
#28 C:\\Users\\Usuario\\Downloads\\SGN_Monalezza-main\\SGN_Monalezza-main\\vendor\\laravel\\framework\\src\\Illuminate\\Console\\Concerns\\CallsCommands.php(67): Illuminate\\Console\\Command->run(Object(Symfony\\Component\\Console\\Input\\ArrayInput), Object(Illuminate\\Console\\OutputStyle))
#29 C:\\Users\\Usuario\\Downloads\\SGN_Monalezza-main\\SGN_Monalezza-main\\vendor\\laravel\\framework\\src\\Illuminate\\Console\\Concerns\\CallsCommands.php(28): Illuminate\\Console\\Command->runCommand('migrate', Array, Object(Illuminate\\Console\\OutputStyle))
#30 C:\\Users\\Usuario\\Downloads\\SGN_Monalezza-main\\SGN_Monalezza-main\\vendor\\laravel\\framework\\src\\Illuminate\\Database\\Console\\Migrations\\FreshCommand.php(82): Illuminate\\Console\\Command->call('migrate', Array)
#31 C:\\Users\\Usuario\\Downloads\\SGN_Monalezza-main\\SGN_Monalezza-main\\vendor\\laravel\\framework\\src\\Illuminate\\Container\\BoundMethod.php(36): Illuminate\\Database\\Console\\Migrations\\FreshCommand->handle()
#32 C:\\Users\\Usuario\\Downloads\\SGN_Monalezza-main\\SGN_Monalezza-main\\vendor\\laravel\\framework\\src\\Illuminate\\Container\\Util.php(43): Illuminate\\Container\\BoundMethod::Illuminate\\Container\\{closure}()
#33 C:\\Users\\Usuario\\Downloads\\SGN_Monalezza-main\\SGN_Monalezza-main\\vendor\\laravel\\framework\\src\\Illuminate\\Container\\BoundMethod.php(95): Illuminate\\Container\\Util::unwrapIfClosure(Object(Closure))
#34 C:\\Users\\Usuario\\Downloads\\SGN_Monalezza-main\\SGN_Monalezza-main\\vendor\\laravel\\framework\\src\\Illuminate\\Container\\BoundMethod.php(35): Illuminate\\Container\\BoundMethod::callBoundMethod(Object(Illuminate\\Foundation\\Application), Array, Object(Closure))
#35 C:\\Users\\Usuario\\Downloads\\SGN_Monalezza-main\\SGN_Monalezza-main\\vendor\\laravel\\framework\\src\\Illuminate\\Container\\Container.php(690): Illuminate\\Container\\BoundMethod::call(Object(Illuminate\\Foundation\\Application), Array, Array, NULL)
#36 C:\\Users\\Usuario\\Downloads\\SGN_Monalezza-main\\SGN_Monalezza-main\\vendor\\laravel\\framework\\src\\Illuminate\\Console\\Command.php(213): Illuminate\\Container\\Container->call(Array)
#37 C:\\Users\\Usuario\\Downloads\\SGN_Monalezza-main\\SGN_Monalezza-main\\vendor\\symfony\\console\\Command\\Command.php(279): Illuminate\\Console\\Command->execute(Object(Symfony\\Component\\Console\\Input\\ArgvInput), Object(Illuminate\\Console\\OutputStyle))
#38 C:\\Users\\Usuario\\Downloads\\SGN_Monalezza-main\\SGN_Monalezza-main\\vendor\\laravel\\framework\\src\\Illuminate\\Console\\Command.php(182): Symfony\\Component\\Console\\Command\\Command->run(Object(Symfony\\Component\\Console\\Input\\ArgvInput), Object(Illuminate\\Console\\OutputStyle))
#39 C:\\Users\\Usuario\\Downloads\\SGN_Monalezza-main\\SGN_Monalezza-main\\vendor\\symfony\\console\\Application.php(1047): Illuminate\\Console\\Command->run(Object(Symfony\\Component\\Console\\Input\\ArgvInput), Object(Symfony\\Component\\Console\\Output\\ConsoleOutput))
#40 C:\\Users\\Usuario\\Downloads\\SGN_Monalezza-main\\SGN_Monalezza-main\\vendor\\symfony\\console\\Application.php(316): Symfony\\Component\\Console\\Application->doRunCommand(Object(Illuminate\\Database\\Console\\Migrations\\FreshCommand), Object(Symfony\\Component\\Console\\Input\\ArgvInput), Object(Symfony\\Component\\Console\\Output\\ConsoleOutput))
#41 C:\\Users\\Usuario\\Downloads\\SGN_Monalezza-main\\SGN_Monalezza-main\\vendor\\symfony\\console\\Application.php(167): Symfony\\Component\\Console\\Application->doRun(Object(Symfony\\Component\\Console\\Input\\ArgvInput), Object(Symfony\\Component\\Console\\Output\\ConsoleOutput))
#42 C:\\Users\\Usuario\\Downloads\\SGN_Monalezza-main\\SGN_Monalezza-main\\vendor\\laravel\\framework\\src\\Illuminate\\Foundation\\Console\\Kernel.php(197): Symfony\\Component\\Console\\Application->run(Object(Symfony\\Component\\Console\\Input\\ArgvInput), Object(Symfony\\Component\\Console\\Output\\ConsoleOutput))
#43 C:\\Users\\Usuario\\Downloads\\SGN_Monalezza-main\\SGN_Monalezza-main\\vendor\\laravel\\framework\\src\\Illuminate\\Foundation\\Application.php(1203): Illuminate\\Foundation\\Console\\Kernel->handle(Object(Symfony\\Component\\Console\\Input\\ArgvInput), Object(Symfony\\Component\\Console\\Output\\ConsoleOutput))
#44 C:\\Users\\Usuario\\Downloads\\SGN_Monalezza-main\\SGN_Monalezza-main\\artisan(13): Illuminate\\Foundation\\Application->handleCommand(Object(Symfony\\Component\\Console\\Input\\ArgvInput))
#45 {main}

[previous exception] [object] (PDOException(code: 42S01): SQLSTATE[42S01]: Base table or view already exists: 1050 Table 'detalle_efectivo' already exists at C:\\Users\\Usuario\\Downloads\\SGN_Monalezza-main\\SGN_Monalezza-main\\vendor\\laravel\\framework\\src\\Illuminate\\Database\\Connection.php:571)
[stacktrace]
#0 C:\\Users\\Usuario\\Downloads\\SGN_Monalezza-main\\SGN_Monalezza-main\\vendor\\laravel\\framework\\src\\Illuminate\\Database\\Connection.php(571): PDOStatement->execute()
#1 C:\\Users\\Usuario\\Downloads\\SGN_Monalezza-main\\SGN_Monalezza-main\\vendor\\laravel\\framework\\src\\Illuminate\\Database\\Connection.php(812): Illuminate\\Database\\Connection->Illuminate\\Database\\{closure}('create table `d...', Array)
#2 C:\\Users\\Usuario\\Downloads\\SGN_Monalezza-main\\SGN_Monalezza-main\\vendor\\laravel\\framework\\src\\Illuminate\\Database\\Connection.php(779): Illuminate\\Database\\Connection->runQueryCallback('create table `d...', Array, Object(Closure))
#3 C:\\Users\\Usuario\\Downloads\\SGN_Monalezza-main\\SGN_Monalezza-main\\vendor\\laravel\\framework\\src\\Illuminate\\Database\\Connection.php(560): Illuminate\\Database\\Connection->run('create table `d...', Array, Object(Closure))
#4 C:\\Users\\Usuario\\Downloads\\SGN_Monalezza-main\\SGN_Monalezza-main\\vendor\\laravel\\framework\\src\\Illuminate\\Database\\Schema\\Blueprint.php(117): Illuminate\\Database\\Connection->statement('create table `d...')
#5 C:\\Users\\Usuario\\Downloads\\SGN_Monalezza-main\\SGN_Monalezza-main\\vendor\\laravel\\framework\\src\\Illuminate\\Database\\Schema\\Builder.php(565): Illuminate\\Database\\Schema\\Blueprint->build(Object(Illuminate\\Database\\MySqlConnection), Object(Illuminate\\Database\\Schema\\Grammars\\MySqlGrammar))
#6 C:\\Users\\Usuario\\Downloads\\SGN_Monalezza-main\\SGN_Monalezza-main\\vendor\\laravel\\framework\\src\\Illuminate\\Database\\Schema\\Builder.php(419): Illuminate\\Database\\Schema\\Builder->build(Object(Illuminate\\Database\\Schema\\Blueprint))
#7 C:\\Users\\Usuario\\Downloads\\SGN_Monalezza-main\\SGN_Monalezza-main\\vendor\\laravel\\framework\\src\\Illuminate\\Support\\Facades\\Facade.php(358): Illuminate\\Database\\Schema\\Builder->create('detalle_efectiv...', Object(Closure))
#8 C:\\Users\\Usuario\\Downloads\\SGN_Monalezza-main\\SGN_Monalezza-main\\database\\migrations\\2025_07_14_115555_create_detalle_efectivo_table.php(14): Illuminate\\Support\\Facades\\Facade::__callStatic('create', Array)
#9 C:\\Users\\Usuario\\Downloads\\SGN_Monalezza-main\\SGN_Monalezza-main\\vendor\\laravel\\framework\\src\\Illuminate\\Database\\Migrations\\Migrator.php(475): Illuminate\\Database\\Migrations\\Migration@anonymous->up()
#10 C:\\Users\\Usuario\\Downloads\\SGN_Monalezza-main\\SGN_Monalezza-main\\vendor\\laravel\\framework\\src\\Illuminate\\Database\\Migrations\\Migrator.php(400): Illuminate\\Database\\Migrations\\Migrator->runMethod(Object(Illuminate\\Database\\MySqlConnection), Object(Illuminate\\Database\\Migrations\\Migration@anonymous), 'up')
#11 C:\\Users\\Usuario\\Downloads\\SGN_Monalezza-main\\SGN_Monalezza-main\\vendor\\laravel\\framework\\src\\Illuminate\\Database\\Migrations\\Migrator.php(409): Illuminate\\Database\\Migrations\\Migrator->Illuminate\\Database\\Migrations\\{closure}()
#12 C:\\Users\\Usuario\\Downloads\\SGN_Monalezza-main\\SGN_Monalezza-main\\vendor\\laravel\\framework\\src\\Illuminate\\Database\\Migrations\\Migrator.php(212): Illuminate\\Database\\Migrations\\Migrator->runMigration(Object(Illuminate\\Database\\Migrations\\Migration@anonymous), 'up')
#13 C:\\Users\\Usuario\\Downloads\\SGN_Monalezza-main\\SGN_Monalezza-main\\vendor\\laravel\\framework\\src\\Illuminate\\Console\\View\\Components\\Task.php(40): Illuminate\\Database\\Migrations\\Migrator->Illuminate\\Database\\Migrations\\{closure}()
#14 C:\\Users\\Usuario\\Downloads\\SGN_Monalezza-main\\SGN_Monalezza-main\\vendor\\laravel\\framework\\src\\Illuminate\\Database\\Migrations\\Migrator.php(736): Illuminate\\Console\\View\\Components\\Task->render('2025_07_14_1155...', Object(Closure))
#15 C:\\Users\\Usuario\\Downloads\\SGN_Monalezza-main\\SGN_Monalezza-main\\vendor\\laravel\\framework\\src\\Illuminate\\Database\\Migrations\\Migrator.php(212): Illuminate\\Database\\Migrations\\Migrator->write('Illuminate\\\\Cons...', '2025_07_14_1155...', Object(Closure))
#16 C:\\Users\\Usuario\\Downloads\\SGN_Monalezza-main\\SGN_Monalezza-main\\vendor\\laravel\\framework\\src\\Illuminate\\Database\\Migrations\\Migrator.php(179): Illuminate\\Database\\Migrations\\Migrator->runUp('C:\\\\Users\\\\Usuari...', 1, false)
#17 C:\\Users\\Usuario\\Downloads\\SGN_Monalezza-main\\SGN_Monalezza-main\\vendor\\laravel\\framework\\src\\Illuminate\\Database\\Migrations\\Migrator.php(122): Illuminate\\Database\\Migrations\\Migrator->runPending(Array, Array)
#18 C:\\Users\\Usuario\\Downloads\\SGN_Monalezza-main\\SGN_Monalezza-main\\vendor\\laravel\\framework\\src\\Illuminate\\Database\\Console\\Migrations\\MigrateCommand.php(116): Illuminate\\Database\\Migrations\\Migrator->run(Array, Array)
#19 C:\\Users\\Usuario\\Downloads\\SGN_Monalezza-main\\SGN_Monalezza-main\\vendor\\laravel\\framework\\src\\Illuminate\\Database\\Migrations\\Migrator.php(615): Illuminate\\Database\\Console\\Migrations\\MigrateCommand->Illuminate\\Database\\Console\\Migrations\\{closure}()
#20 C:\\Users\\Usuario\\Downloads\\SGN_Monalezza-main\\SGN_Monalezza-main\\vendor\\laravel\\framework\\src\\Illuminate\\Database\\Console\\Migrations\\MigrateCommand.php(109): Illuminate\\Database\\Migrations\\Migrator->usingConnection(NULL, Object(Closure))
#21 C:\\Users\\Usuario\\Downloads\\SGN_Monalezza-main\\SGN_Monalezza-main\\vendor\\laravel\\framework\\src\\Illuminate\\Database\\Console\\Migrations\\MigrateCommand.php(88): Illuminate\\Database\\Console\\Migrations\\MigrateCommand->runMigrations()
#22 C:\\Users\\Usuario\\Downloads\\SGN_Monalezza-main\\SGN_Monalezza-main\\vendor\\laravel\\framework\\src\\Illuminate\\Container\\BoundMethod.php(36): Illuminate\\Database\\Console\\Migrations\\MigrateCommand->handle()
#23 C:\\Users\\Usuario\\Downloads\\SGN_Monalezza-main\\SGN_Monalezza-main\\vendor\\laravel\\framework\\src\\Illuminate\\Container\\Util.php(43): Illuminate\\Container\\BoundMethod::Illuminate\\Container\\{closure}()
#24 C:\\Users\\Usuario\\Downloads\\SGN_Monalezza-main\\SGN_Monalezza-main\\vendor\\laravel\\framework\\src\\Illuminate\\Container\\BoundMethod.php(95): Illuminate\\Container\\Util::unwrapIfClosure(Object(Closure))
#25 C:\\Users\\Usuario\\Downloads\\SGN_Monalezza-main\\SGN_Monalezza-main\\vendor\\laravel\\framework\\src\\Illuminate\\Container\\BoundMethod.php(35): Illuminate\\Container\\BoundMethod::callBoundMethod(Object(Illuminate\\Foundation\\Application), Array, Object(Closure))
#26 C:\\Users\\Usuario\\Downloads\\SGN_Monalezza-main\\SGN_Monalezza-main\\vendor\\laravel\\framework\\src\\Illuminate\\Container\\Container.php(690): Illuminate\\Container\\BoundMethod::call(Object(Illuminate\\Foundation\\Application), Array, Array, NULL)
#27 C:\\Users\\Usuario\\Downloads\\SGN_Monalezza-main\\SGN_Monalezza-main\\vendor\\laravel\\framework\\src\\Illuminate\\Console\\Command.php(213): Illuminate\\Container\\Container->call(Array)
#28 C:\\Users\\Usuario\\Downloads\\SGN_Monalezza-main\\SGN_Monalezza-main\\vendor\\symfony\\console\\Command\\Command.php(279): Illuminate\\Console\\Command->execute(Object(Symfony\\Component\\Console\\Input\\ArrayInput), Object(Illuminate\\Console\\OutputStyle))
#29 C:\\Users\\Usuario\\Downloads\\SGN_Monalezza-main\\SGN_Monalezza-main\\vendor\\laravel\\framework\\src\\Illuminate\\Console\\Command.php(182): Symfony\\Component\\Console\\Command\\Command->run(Object(Symfony\\Component\\Console\\Input\\ArrayInput), Object(Illuminate\\Console\\OutputStyle))
#30 C:\\Users\\Usuario\\Downloads\\SGN_Monalezza-main\\SGN_Monalezza-main\\vendor\\laravel\\framework\\src\\Illuminate\\Console\\Concerns\\CallsCommands.php(67): Illuminate\\Console\\Command->run(Object(Symfony\\Component\\Console\\Input\\ArrayInput), Object(Illuminate\\Console\\OutputStyle))
#31 C:\\Users\\Usuario\\Downloads\\SGN_Monalezza-main\\SGN_Monalezza-main\\vendor\\laravel\\framework\\src\\Illuminate\\Console\\Concerns\\CallsCommands.php(28): Illuminate\\Console\\Command->runCommand('migrate', Array, Object(Illuminate\\Console\\OutputStyle))
#32 C:\\Users\\Usuario\\Downloads\\SGN_Monalezza-main\\SGN_Monalezza-main\\vendor\\laravel\\framework\\src\\Illuminate\\Database\\Console\\Migrations\\FreshCommand.php(82): Illuminate\\Console\\Command->call('migrate', Array)
#33 C:\\Users\\Usuario\\Downloads\\SGN_Monalezza-main\\SGN_Monalezza-main\\vendor\\laravel\\framework\\src\\Illuminate\\Container\\BoundMethod.php(36): Illuminate\\Database\\Console\\Migrations\\FreshCommand->handle()
#34 C:\\Users\\Usuario\\Downloads\\SGN_Monalezza-main\\SGN_Monalezza-main\\vendor\\laravel\\framework\\src\\Illuminate\\Container\\Util.php(43): Illuminate\\Container\\BoundMethod::Illuminate\\Container\\{closure}()
#35 C:\\Users\\Usuario\\Downloads\\SGN_Monalezza-main\\SGN_Monalezza-main\\vendor\\laravel\\framework\\src\\Illuminate\\Container\\BoundMethod.php(95): Illuminate\\Container\\Util::unwrapIfClosure(Object(Closure))
#36 C:\\Users\\Usuario\\Downloads\\SGN_Monalezza-main\\SGN_Monalezza-main\\vendor\\laravel\\framework\\src\\Illuminate\\Container\\BoundMethod.php(35): Illuminate\\Container\\BoundMethod::callBoundMethod(Object(Illuminate\\Foundation\\Application), Array, Object(Closure))
#37 C:\\Users\\Usuario\\Downloads\\SGN_Monalezza-main\\SGN_Monalezza-main\\vendor\\laravel\\framework\\src\\Illuminate\\Container\\Container.php(690): Illuminate\\Container\\BoundMethod::call(Object(Illuminate\\Foundation\\Application), Array, Array, NULL)
#38 C:\\Users\\Usuario\\Downloads\\SGN_Monalezza-main\\SGN_Monalezza-main\\vendor\\laravel\\framework\\src\\Illuminate\\Console\\Command.php(213): Illuminate\\Container\\Container->call(Array)
#39 C:\\Users\\Usuario\\Downloads\\SGN_Monalezza-main\\SGN_Monalezza-main\\vendor\\symfony\\console\\Command\\Command.php(279): Illuminate\\Console\\Command->execute(Object(Symfony\\Component\\Console\\Input\\ArgvInput), Object(Illuminate\\Console\\OutputStyle))
#40 C:\\Users\\Usuario\\Downloads\\SGN_Monalezza-main\\SGN_Monalezza-main\\vendor\\laravel\\framework\\src\\Illuminate\\Console\\Command.php(182): Symfony\\Component\\Console\\Command\\Command->run(Object(Symfony\\Component\\Console\\Input\\ArgvInput), Object(Illuminate\\Console\\OutputStyle))
#41 C:\\Users\\Usuario\\Downloads\\SGN_Monalezza-main\\SGN_Monalezza-main\\vendor\\symfony\\console\\Application.php(1047): Illuminate\\Console\\Command->run(Object(Symfony\\Component\\Console\\Input\\ArgvInput), Object(Symfony\\Component\\Console\\Output\\ConsoleOutput))
#42 C:\\Users\\Usuario\\Downloads\\SGN_Monalezza-main\\SGN_Monalezza-main\\vendor\\symfony\\console\\Application.php(316): Symfony\\Component\\Console\\Application->doRunCommand(Object(Illuminate\\Database\\Console\\Migrations\\FreshCommand), Object(Symfony\\Component\\Console\\Input\\ArgvInput), Object(Symfony\\Component\\Console\\Output\\ConsoleOutput))
#43 C:\\Users\\Usuario\\Downloads\\SGN_Monalezza-main\\SGN_Monalezza-main\\vendor\\symfony\\console\\Application.php(167): Symfony\\Component\\Console\\Application->doRun(Object(Symfony\\Component\\Console\\Input\\ArgvInput), Object(Symfony\\Component\\Console\\Output\\ConsoleOutput))
#44 C:\\Users\\Usuario\\Downloads\\SGN_Monalezza-main\\SGN_Monalezza-main\\vendor\\laravel\\framework\\src\\Illuminate\\Foundation\\Console\\Kernel.php(197): Symfony\\Component\\Console\\Application->run(Object(Symfony\\Component\\Console\\Input\\ArgvInput), Object(Symfony\\Component\\Console\\Output\\ConsoleOutput))
#45 C:\\Users\\Usuario\\Downloads\\SGN_Monalezza-main\\SGN_Monalezza-main\\vendor\\laravel\\framework\\src\\Illuminate\\Foundation\\Application.php(1203): Illuminate\\Foundation\\Console\\Kernel->handle(Object(Symfony\\Component\\Console\\Input\\ArgvInput), Object(Symfony\\Component\\Console\\Output\\ConsoleOutput))
#46 C:\\Users\\Usuario\\Downloads\\SGN_Monalezza-main\\SGN_Monalezza-main\\artisan(13): Illuminate\\Foundation\\Application->handleCommand(Object(Symfony\\Component\\Console\\Input\\ArgvInput))
#47 {main}
"} 
[2025-09-25 18:12:45] local.ERROR: SQLSTATE[23000]: Integrity constraint violation: 1062 Duplicate entry 'test@example.com' for key 'users_email_unique' (Connection: mysql, SQL: insert into `users` (`name`, `email`, `email_verified_at`, `password`, `two_factor_secret`, `two_factor_recovery_codes`, `remember_token`, `profile_photo_path`, `current_team_id`, `updated_at`, `created_at`) values (Test User, test@example.com, 2025-09-25 18:12:44, $2y$12$s47easveCn0ghva5aX43weBDGkwxr/EVeQr4UgOkWMU1A3JiuBLvW, ?, ?, knsYHLWa49, ?, ?, 2025-09-25 18:12:45, 2025-09-25 18:12:45)) {"exception":"[object] (Illuminate\\Database\\UniqueConstraintViolationException(code: 23000): SQLSTATE[23000]: Integrity constraint violation: 1062 Duplicate entry 'test@example.com' for key 'users_email_unique' (Connection: mysql, SQL: insert into `users` (`name`, `email`, `email_verified_at`, `password`, `two_factor_secret`, `two_factor_recovery_codes`, `remember_token`, `profile_photo_path`, `current_team_id`, `updated_at`, `created_at`) values (Test User, test@example.com, 2025-09-25 18:12:44, $2y$12$s47easveCn0ghva5aX43weBDGkwxr/EVeQr4UgOkWMU1A3JiuBLvW, ?, ?, knsYHLWa49, ?, ?, 2025-09-25 18:12:45, 2025-09-25 18:12:45)) at C:\\Users\\Usuario\\Downloads\\SGN_Monalezza-main\\SGN_Monalezza-main\\vendor\\laravel\\framework\\src\\Illuminate\\Database\\Connection.php:820)
[stacktrace]
#0 C:\\Users\\Usuario\\Downloads\\SGN_Monalezza-main\\SGN_Monalezza-main\\vendor\\laravel\\framework\\src\\Illuminate\\Database\\Connection.php(779): Illuminate\\Database\\Connection->runQueryCallback('insert into `us...', Array, Object(Closure))
#1 C:\\Users\\Usuario\\Downloads\\SGN_Monalezza-main\\SGN_Monalezza-main\\vendor\\laravel\\framework\\src\\Illuminate\\Database\\MySqlConnection.php(42): Illuminate\\Database\\Connection->run('insert into `us...', Array, Object(Closure))
#2 C:\\Users\\Usuario\\Downloads\\SGN_Monalezza-main\\SGN_Monalezza-main\\vendor\\laravel\\framework\\src\\Illuminate\\Database\\Query\\Processors\\MySqlProcessor.php(35): Illuminate\\Database\\MySqlConnection->insert('insert into `us...', Array, 'id')
#3 C:\\Users\\Usuario\\Downloads\\SGN_Monalezza-main\\SGN_Monalezza-main\\vendor\\laravel\\framework\\src\\Illuminate\\Database\\Query\\Builder.php(3796): Illuminate\\Database\\Query\\Processors\\MySqlProcessor->processInsertGetId(Object(Illuminate\\Database\\Query\\Builder), 'insert into `us...', Array, 'id')
#4 C:\\Users\\Usuario\\Downloads\\SGN_Monalezza-main\\SGN_Monalezza-main\\vendor\\laravel\\framework\\src\\Illuminate\\Database\\Eloquent\\Builder.php(2038): Illuminate\\Database\\Query\\Builder->insertGetId(Array, 'id')
#5 C:\\Users\\Usuario\\Downloads\\SGN_Monalezza-main\\SGN_Monalezza-main\\vendor\\laravel\\framework\\src\\Illuminate\\Database\\Eloquent\\Model.php(1358): Illuminate\\Database\\Eloquent\\Builder->__call('insertGetId', Array)
#6 C:\\Users\\Usuario\\Downloads\\SGN_Monalezza-main\\SGN_Monalezza-main\\vendor\\laravel\\framework\\src\\Illuminate\\Database\\Eloquent\\Model.php(1323): Illuminate\\Database\\Eloquent\\Model->insertAndSetId(Object(Illuminate\\Database\\Eloquent\\Builder), Array)
#7 C:\\Users\\Usuario\\Downloads\\SGN_Monalezza-main\\SGN_Monalezza-main\\vendor\\laravel\\framework\\src\\Illuminate\\Database\\Eloquent\\Model.php(1162): Illuminate\\Database\\Eloquent\\Model->performInsert(Object(Illuminate\\Database\\Eloquent\\Builder))
#8 C:\\Users\\Usuario\\Downloads\\SGN_Monalezza-main\\SGN_Monalezza-main\\vendor\\laravel\\framework\\src\\Illuminate\\Database\\Eloquent\\Factories\\Factory.php(338): Illuminate\\Database\\Eloquent\\Model->save()
#9 C:\\Users\\Usuario\\Downloads\\SGN_Monalezza-main\\SGN_Monalezza-main\\vendor\\laravel\\framework\\src\\Illuminate\\Collections\\Traits\\EnumeratesValues.php(257): Illuminate\\Database\\Eloquent\\Factories\\Factory->Illuminate\\Database\\Eloquent\\Factories\\{closure}(Object(App\\Models\\User), 0)
#10 C:\\Users\\Usuario\\Downloads\\SGN_Monalezza-main\\SGN_Monalezza-main\\vendor\\laravel\\framework\\src\\Illuminate\\Database\\Eloquent\\Factories\\Factory.php(333): Illuminate\\Support\\Collection->each(Object(Closure))
#11 C:\\Users\\Usuario\\Downloads\\SGN_Monalezza-main\\SGN_Monalezza-main\\vendor\\laravel\\framework\\src\\Illuminate\\Database\\Eloquent\\Factories\\Factory.php(287): Illuminate\\Database\\Eloquent\\Factories\\Factory->store(Object(Illuminate\\Support\\Collection))
#12 C:\\Users\\Usuario\\Downloads\\SGN_Monalezza-main\\SGN_Monalezza-main\\vendor\\laravel\\framework\\src\\Illuminate\\Database\\Eloquent\\Factories\\Factory.php(281): Illuminate\\Database\\Eloquent\\Factories\\Factory->create(Array, NULL)
#13 C:\\Users\\Usuario\\Downloads\\SGN_Monalezza-main\\SGN_Monalezza-main\\database\\seeders\\DatabaseSeeder.php(18): Illuminate\\Database\\Eloquent\\Factories\\Factory->create(Array)
#14 C:\\Users\\Usuario\\Downloads\\SGN_Monalezza-main\\SGN_Monalezza-main\\vendor\\laravel\\framework\\src\\Illuminate\\Container\\BoundMethod.php(36): Database\\Seeders\\DatabaseSeeder->run()
#15 C:\\Users\\Usuario\\Downloads\\SGN_Monalezza-main\\SGN_Monalezza-main\\vendor\\laravel\\framework\\src\\Illuminate\\Container\\Util.php(43): Illuminate\\Container\\BoundMethod::Illuminate\\Container\\{closure}()
#16 C:\\Users\\Usuario\\Downloads\\SGN_Monalezza-main\\SGN_Monalezza-main\\vendor\\laravel\\framework\\src\\Illuminate\\Container\\BoundMethod.php(95): Illuminate\\Container\\Util::unwrapIfClosure(Object(Closure))
#17 C:\\Users\\Usuario\\Downloads\\SGN_Monalezza-main\\SGN_Monalezza-main\\vendor\\laravel\\framework\\src\\Illuminate\\Container\\BoundMethod.php(35): Illuminate\\Container\\BoundMethod::callBoundMethod(Object(Illuminate\\Foundation\\Application), Array, Object(Closure))
#18 C:\\Users\\Usuario\\Downloads\\SGN_Monalezza-main\\SGN_Monalezza-main\\vendor\\laravel\\framework\\src\\Illuminate\\Container\\Container.php(690): Illuminate\\Container\\BoundMethod::call(Object(Illuminate\\Foundation\\Application), Array, Array, NULL)
#19 C:\\Users\\Usuario\\Downloads\\SGN_Monalezza-main\\SGN_Monalezza-main\\vendor\\laravel\\framework\\src\\Illuminate\\Database\\Seeder.php(184): Illuminate\\Container\\Container->call(Array, Array)
#20 C:\\Users\\Usuario\\Downloads\\SGN_Monalezza-main\\SGN_Monalezza-main\\vendor\\laravel\\framework\\src\\Illuminate\\Database\\Seeder.php(193): Illuminate\\Database\\Seeder->Illuminate\\Database\\{closure}()
#21 C:\\Users\\Usuario\\Downloads\\SGN_Monalezza-main\\SGN_Monalezza-main\\vendor\\laravel\\framework\\src\\Illuminate\\Database\\Console\\Seeds\\SeedCommand.php(70): Illuminate\\Database\\Seeder->__invoke()
#22 C:\\Users\\Usuario\\Downloads\\SGN_Monalezza-main\\SGN_Monalezza-main\\vendor\\laravel\\framework\\src\\Illuminate\\Database\\Eloquent\\Concerns\\GuardsAttributes.php(155): Illuminate\\Database\\Console\\Seeds\\SeedCommand->Illuminate\\Database\\Console\\Seeds\\{closure}()
#23 C:\\Users\\Usuario\\Downloads\\SGN_Monalezza-main\\SGN_Monalezza-main\\vendor\\laravel\\framework\\src\\Illuminate\\Database\\Console\\Seeds\\SeedCommand.php(69): Illuminate\\Database\\Eloquent\\Model::unguarded(Object(Closure))
#24 C:\\Users\\Usuario\\Downloads\\SGN_Monalezza-main\\SGN_Monalezza-main\\vendor\\laravel\\framework\\src\\Illuminate\\Container\\BoundMethod.php(36): Illuminate\\Database\\Console\\Seeds\\SeedCommand->handle()
#25 C:\\Users\\Usuario\\Downloads\\SGN_Monalezza-main\\SGN_Monalezza-main\\vendor\\laravel\\framework\\src\\Illuminate\\Container\\Util.php(43): Illuminate\\Container\\BoundMethod::Illuminate\\Container\\{closure}()
#26 C:\\Users\\Usuario\\Downloads\\SGN_Monalezza-main\\SGN_Monalezza-main\\vendor\\laravel\\framework\\src\\Illuminate\\Container\\BoundMethod.php(95): Illuminate\\Container\\Util::unwrapIfClosure(Object(Closure))
#27 C:\\Users\\Usuario\\Downloads\\SGN_Monalezza-main\\SGN_Monalezza-main\\vendor\\laravel\\framework\\src\\Illuminate\\Container\\BoundMethod.php(35): Illuminate\\Container\\BoundMethod::callBoundMethod(Object(Illuminate\\Foundation\\Application), Array, Object(Closure))
#28 C:\\Users\\Usuario\\Downloads\\SGN_Monalezza-main\\SGN_Monalezza-main\\vendor\\laravel\\framework\\src\\Illuminate\\Container\\Container.php(690): Illuminate\\Container\\BoundMethod::call(Object(Illuminate\\Foundation\\Application), Array, Array, NULL)
#29 C:\\Users\\Usuario\\Downloads\\SGN_Monalezza-main\\SGN_Monalezza-main\\vendor\\laravel\\framework\\src\\Illuminate\\Console\\Command.php(213): Illuminate\\Container\\Container->call(Array)
#30 C:\\Users\\Usuario\\Downloads\\SGN_Monalezza-main\\SGN_Monalezza-main\\vendor\\symfony\\console\\Command\\Command.php(279): Illuminate\\Console\\Command->execute(Object(Symfony\\Component\\Console\\Input\\ArgvInput), Object(Illuminate\\Console\\OutputStyle))
#31 C:\\Users\\Usuario\\Downloads\\SGN_Monalezza-main\\SGN_Monalezza-main\\vendor\\laravel\\framework\\src\\Illuminate\\Console\\Command.php(182): Symfony\\Component\\Console\\Command\\Command->run(Object(Symfony\\Component\\Console\\Input\\ArgvInput), Object(Illuminate\\Console\\OutputStyle))
#32 C:\\Users\\Usuario\\Downloads\\SGN_Monalezza-main\\SGN_Monalezza-main\\vendor\\symfony\\console\\Application.php(1047): Illuminate\\Console\\Command->run(Object(Symfony\\Component\\Console\\Input\\ArgvInput), Object(Symfony\\Component\\Console\\Output\\ConsoleOutput))
#33 C:\\Users\\Usuario\\Downloads\\SGN_Monalezza-main\\SGN_Monalezza-main\\vendor\\symfony\\console\\Application.php(316): Symfony\\Component\\Console\\Application->doRunCommand(Object(Illuminate\\Database\\Console\\Seeds\\SeedCommand), Object(Symfony\\Component\\Console\\Input\\ArgvInput), Object(Symfony\\Component\\Console\\Output\\ConsoleOutput))
#34 C:\\Users\\Usuario\\Downloads\\SGN_Monalezza-main\\SGN_Monalezza-main\\vendor\\symfony\\console\\Application.php(167): Symfony\\Component\\Console\\Application->doRun(Object(Symfony\\Component\\Console\\Input\\ArgvInput), Object(Symfony\\Component\\Console\\Output\\ConsoleOutput))
#35 C:\\Users\\Usuario\\Downloads\\SGN_Monalezza-main\\SGN_Monalezza-main\\vendor\\laravel\\framework\\src\\Illuminate\\Foundation\\Console\\Kernel.php(197): Symfony\\Component\\Console\\Application->run(Object(Symfony\\Component\\Console\\Input\\ArgvInput), Object(Symfony\\Component\\Console\\Output\\ConsoleOutput))
#36 C:\\Users\\Usuario\\Downloads\\SGN_Monalezza-main\\SGN_Monalezza-main\\vendor\\laravel\\framework\\src\\Illuminate\\Foundation\\Application.php(1203): Illuminate\\Foundation\\Console\\Kernel->handle(Object(Symfony\\Component\\Console\\Input\\ArgvInput), Object(Symfony\\Component\\Console\\Output\\ConsoleOutput))
#37 C:\\Users\\Usuario\\Downloads\\SGN_Monalezza-main\\SGN_Monalezza-main\\artisan(13): Illuminate\\Foundation\\Application->handleCommand(Object(Symfony\\Component\\Console\\Input\\ArgvInput))
#38 {main}

[previous exception] [object] (PDOException(code: 23000): SQLSTATE[23000]: Integrity constraint violation: 1062 Duplicate entry 'test@example.com' for key 'users_email_unique' at C:\\Users\\Usuario\\Downloads\\SGN_Monalezza-main\\SGN_Monalezza-main\\vendor\\laravel\\framework\\src\\Illuminate\\Database\\MySqlConnection.php:53)
[stacktrace]
#0 C:\\Users\\Usuario\\Downloads\\SGN_Monalezza-main\\SGN_Monalezza-main\\vendor\\laravel\\framework\\src\\Illuminate\\Database\\MySqlConnection.php(53): PDOStatement->execute()
#1 C:\\Users\\Usuario\\Downloads\\SGN_Monalezza-main\\SGN_Monalezza-main\\vendor\\laravel\\framework\\src\\Illuminate\\Database\\Connection.php(812): Illuminate\\Database\\MySqlConnection->Illuminate\\Database\\{closure}('insert into `us...', Array)
#2 C:\\Users\\Usuario\\Downloads\\SGN_Monalezza-main\\SGN_Monalezza-main\\vendor\\laravel\\framework\\src\\Illuminate\\Database\\Connection.php(779): Illuminate\\Database\\Connection->runQueryCallback('insert into `us...', Array, Object(Closure))
#3 C:\\Users\\Usuario\\Downloads\\SGN_Monalezza-main\\SGN_Monalezza-main\\vendor\\laravel\\framework\\src\\Illuminate\\Database\\MySqlConnection.php(42): Illuminate\\Database\\Connection->run('insert into `us...', Array, Object(Closure))
#4 C:\\Users\\Usuario\\Downloads\\SGN_Monalezza-main\\SGN_Monalezza-main\\vendor\\laravel\\framework\\src\\Illuminate\\Database\\Query\\Processors\\MySqlProcessor.php(35): Illuminate\\Database\\MySqlConnection->insert('insert into `us...', Array, 'id')
#5 C:\\Users\\Usuario\\Downloads\\SGN_Monalezza-main\\SGN_Monalezza-main\\vendor\\laravel\\framework\\src\\Illuminate\\Database\\Query\\Builder.php(3796): Illuminate\\Database\\Query\\Processors\\MySqlProcessor->processInsertGetId(Object(Illuminate\\Database\\Query\\Builder), 'insert into `us...', Array, 'id')
#6 C:\\Users\\Usuario\\Downloads\\SGN_Monalezza-main\\SGN_Monalezza-main\\vendor\\laravel\\framework\\src\\Illuminate\\Database\\Eloquent\\Builder.php(2038): Illuminate\\Database\\Query\\Builder->insertGetId(Array, 'id')
#7 C:\\Users\\Usuario\\Downloads\\SGN_Monalezza-main\\SGN_Monalezza-main\\vendor\\laravel\\framework\\src\\Illuminate\\Database\\Eloquent\\Model.php(1358): Illuminate\\Database\\Eloquent\\Builder->__call('insertGetId', Array)
#8 C:\\Users\\Usuario\\Downloads\\SGN_Monalezza-main\\SGN_Monalezza-main\\vendor\\laravel\\framework\\src\\Illuminate\\Database\\Eloquent\\Model.php(1323): Illuminate\\Database\\Eloquent\\Model->insertAndSetId(Object(Illuminate\\Database\\Eloquent\\Builder), Array)
#9 C:\\Users\\Usuario\\Downloads\\SGN_Monalezza-main\\SGN_Monalezza-main\\vendor\\laravel\\framework\\src\\Illuminate\\Database\\Eloquent\\Model.php(1162): Illuminate\\Database\\Eloquent\\Model->performInsert(Object(Illuminate\\Database\\Eloquent\\Builder))
#10 C:\\Users\\Usuario\\Downloads\\SGN_Monalezza-main\\SGN_Monalezza-main\\vendor\\laravel\\framework\\src\\Illuminate\\Database\\Eloquent\\Factories\\Factory.php(338): Illuminate\\Database\\Eloquent\\Model->save()
#11 C:\\Users\\Usuario\\Downloads\\SGN_Monalezza-main\\SGN_Monalezza-main\\vendor\\laravel\\framework\\src\\Illuminate\\Collections\\Traits\\EnumeratesValues.php(257): Illuminate\\Database\\Eloquent\\Factories\\Factory->Illuminate\\Database\\Eloquent\\Factories\\{closure}(Object(App\\Models\\User), 0)
#12 C:\\Users\\Usuario\\Downloads\\SGN_Monalezza-main\\SGN_Monalezza-main\\vendor\\laravel\\framework\\src\\Illuminate\\Database\\Eloquent\\Factories\\Factory.php(333): Illuminate\\Support\\Collection->each(Object(Closure))
#13 C:\\Users\\Usuario\\Downloads\\SGN_Monalezza-main\\SGN_Monalezza-main\\vendor\\laravel\\framework\\src\\Illuminate\\Database\\Eloquent\\Factories\\Factory.php(287): Illuminate\\Database\\Eloquent\\Factories\\Factory->store(Object(Illuminate\\Support\\Collection))
#14 C:\\Users\\Usuario\\Downloads\\SGN_Monalezza-main\\SGN_Monalezza-main\\vendor\\laravel\\framework\\src\\Illuminate\\Database\\Eloquent\\Factories\\Factory.php(281): Illuminate\\Database\\Eloquent\\Factories\\Factory->create(Array, NULL)
#15 C:\\Users\\Usuario\\Downloads\\SGN_Monalezza-main\\SGN_Monalezza-main\\database\\seeders\\DatabaseSeeder.php(18): Illuminate\\Database\\Eloquent\\Factories\\Factory->create(Array)
#16 C:\\Users\\Usuario\\Downloads\\SGN_Monalezza-main\\SGN_Monalezza-main\\vendor\\laravel\\framework\\src\\Illuminate\\Container\\BoundMethod.php(36): Database\\Seeders\\DatabaseSeeder->run()
#17 C:\\Users\\Usuario\\Downloads\\SGN_Monalezza-main\\SGN_Monalezza-main\\vendor\\laravel\\framework\\src\\Illuminate\\Container\\Util.php(43): Illuminate\\Container\\BoundMethod::Illuminate\\Container\\{closure}()
#18 C:\\Users\\Usuario\\Downloads\\SGN_Monalezza-main\\SGN_Monalezza-main\\vendor\\laravel\\framework\\src\\Illuminate\\Container\\BoundMethod.php(95): Illuminate\\Container\\Util::unwrapIfClosure(Object(Closure))
#19 C:\\Users\\Usuario\\Downloads\\SGN_Monalezza-main\\SGN_Monalezza-main\\vendor\\laravel\\framework\\src\\Illuminate\\Container\\BoundMethod.php(35): Illuminate\\Container\\BoundMethod::callBoundMethod(Object(Illuminate\\Foundation\\Application), Array, Object(Closure))
#20 C:\\Users\\Usuario\\Downloads\\SGN_Monalezza-main\\SGN_Monalezza-main\\vendor\\laravel\\framework\\src\\Illuminate\\Container\\Container.php(690): Illuminate\\Container\\BoundMethod::call(Object(Illuminate\\Foundation\\Application), Array, Array, NULL)
#21 C:\\Users\\Usuario\\Downloads\\SGN_Monalezza-main\\SGN_Monalezza-main\\vendor\\laravel\\framework\\src\\Illuminate\\Database\\Seeder.php(184): Illuminate\\Container\\Container->call(Array, Array)
#22 C:\\Users\\Usuario\\Downloads\\SGN_Monalezza-main\\SGN_Monalezza-main\\vendor\\laravel\\framework\\src\\Illuminate\\Database\\Seeder.php(193): Illuminate\\Database\\Seeder->Illuminate\\Database\\{closure}()
#23 C:\\Users\\Usuario\\Downloads\\SGN_Monalezza-main\\SGN_Monalezza-main\\vendor\\laravel\\framework\\src\\Illuminate\\Database\\Console\\Seeds\\SeedCommand.php(70): Illuminate\\Database\\Seeder->__invoke()
#24 C:\\Users\\Usuario\\Downloads\\SGN_Monalezza-main\\SGN_Monalezza-main\\vendor\\laravel\\framework\\src\\Illuminate\\Database\\Eloquent\\Concerns\\GuardsAttributes.php(155): Illuminate\\Database\\Console\\Seeds\\SeedCommand->Illuminate\\Database\\Console\\Seeds\\{closure}()
#25 C:\\Users\\Usuario\\Downloads\\SGN_Monalezza-main\\SGN_Monalezza-main\\vendor\\laravel\\framework\\src\\Illuminate\\Database\\Console\\Seeds\\SeedCommand.php(69): Illuminate\\Database\\Eloquent\\Model::unguarded(Object(Closure))
#26 C:\\Users\\Usuario\\Downloads\\SGN_Monalezza-main\\SGN_Monalezza-main\\vendor\\laravel\\framework\\src\\Illuminate\\Container\\BoundMethod.php(36): Illuminate\\Database\\Console\\Seeds\\SeedCommand->handle()
#27 C:\\Users\\Usuario\\Downloads\\SGN_Monalezza-main\\SGN_Monalezza-main\\vendor\\laravel\\framework\\src\\Illuminate\\Container\\Util.php(43): Illuminate\\Container\\BoundMethod::Illuminate\\Container\\{closure}()
#28 C:\\Users\\Usuario\\Downloads\\SGN_Monalezza-main\\SGN_Monalezza-main\\vendor\\laravel\\framework\\src\\Illuminate\\Container\\BoundMethod.php(95): Illuminate\\Container\\Util::unwrapIfClosure(Object(Closure))
#29 C:\\Users\\Usuario\\Downloads\\SGN_Monalezza-main\\SGN_Monalezza-main\\vendor\\laravel\\framework\\src\\Illuminate\\Container\\BoundMethod.php(35): Illuminate\\Container\\BoundMethod::callBoundMethod(Object(Illuminate\\Foundation\\Application), Array, Object(Closure))
#30 C:\\Users\\Usuario\\Downloads\\SGN_Monalezza-main\\SGN_Monalezza-main\\vendor\\laravel\\framework\\src\\Illuminate\\Container\\Container.php(690): Illuminate\\Container\\BoundMethod::call(Object(Illuminate\\Foundation\\Application), Array, Array, NULL)
#31 C:\\Users\\Usuario\\Downloads\\SGN_Monalezza-main\\SGN_Monalezza-main\\vendor\\laravel\\framework\\src\\Illuminate\\Console\\Command.php(213): Illuminate\\Container\\Container->call(Array)
#32 C:\\Users\\Usuario\\Downloads\\SGN_Monalezza-main\\SGN_Monalezza-main\\vendor\\symfony\\console\\Command\\Command.php(279): Illuminate\\Console\\Command->execute(Object(Symfony\\Component\\Console\\Input\\ArgvInput), Object(Illuminate\\Console\\OutputStyle))
#33 C:\\Users\\Usuario\\Downloads\\SGN_Monalezza-main\\SGN_Monalezza-main\\vendor\\laravel\\framework\\src\\Illuminate\\Console\\Command.php(182): Symfony\\Component\\Console\\Command\\Command->run(Object(Symfony\\Component\\Console\\Input\\ArgvInput), Object(Illuminate\\Console\\OutputStyle))
#34 C:\\Users\\Usuario\\Downloads\\SGN_Monalezza-main\\SGN_Monalezza-main\\vendor\\symfony\\console\\Application.php(1047): Illuminate\\Console\\Command->run(Object(Symfony\\Component\\Console\\Input\\ArgvInput), Object(Symfony\\Component\\Console\\Output\\ConsoleOutput))
#35 C:\\Users\\Usuario\\Downloads\\SGN_Monalezza-main\\SGN_Monalezza-main\\vendor\\symfony\\console\\Application.php(316): Symfony\\Component\\Console\\Application->doRunCommand(Object(Illuminate\\Database\\Console\\Seeds\\SeedCommand), Object(Symfony\\Component\\Console\\Input\\ArgvInput), Object(Symfony\\Component\\Console\\Output\\ConsoleOutput))
#36 C:\\Users\\Usuario\\Downloads\\SGN_Monalezza-main\\SGN_Monalezza-main\\vendor\\symfony\\console\\Application.php(167): Symfony\\Component\\Console\\Application->doRun(Object(Symfony\\Component\\Console\\Input\\ArgvInput), Object(Symfony\\Component\\Console\\Output\\ConsoleOutput))
#37 C:\\Users\\Usuario\\Downloads\\SGN_Monalezza-main\\SGN_Monalezza-main\\vendor\\laravel\\framework\\src\\Illuminate\\Foundation\\Console\\Kernel.php(197): Symfony\\Component\\Console\\Application->run(Object(Symfony\\Component\\Console\\Input\\ArgvInput), Object(Symfony\\Component\\Console\\Output\\ConsoleOutput))
#38 C:\\Users\\Usuario\\Downloads\\SGN_Monalezza-main\\SGN_Monalezza-main\\vendor\\laravel\\framework\\src\\Illuminate\\Foundation\\Application.php(1203): Illuminate\\Foundation\\Console\\Kernel->handle(Object(Symfony\\Component\\Console\\Input\\ArgvInput), Object(Symfony\\Component\\Console\\Output\\ConsoleOutput))
#39 C:\\Users\\Usuario\\Downloads\\SGN_Monalezza-main\\SGN_Monalezza-main\\artisan(13): Illuminate\\Foundation\\Application->handleCommand(Object(Symfony\\Component\\Console\\Input\\ArgvInput))
#40 {main}
"} 
